index,x,y,cluster_id,label,source
1135,-2.0954735411775856,-1.4701159774081105,0,0,sms
2398,3.161782444208042,-2.702741585916301,0,0,email
1423,2.3718324902272387,-2.1278655722764728,0,0,email
1637,0.8880457599578786,-0.6337508412578767,0,1,email
3147,-2.097905037642496,-2.2996128422440165,0,0,sms
2633,-2.6194816240056515,-0.9686115502588184,0,0,sms
1153,-1.4807094550491742,-1.977292629481618,0,0,sms
1468,-1.740841947146007,-1.148344938289257,0,0,sms
1515,-1.6853973269510547,-0.27866672993751124,0,1,youtube
2780,-2.027583751462867,-0.7633275453455565,0,1,sms
900,2.3123442373265464,-3.156493761350643,0,0,email
2354,-1.0846543416835641,0.15468933524283957,0,0,mix_email_sms
136,-2.1560661436037476,-0.8436208824383394,0,0,sms
1403,-3.062924278294047,-1.3357320870480978,0,0,youtube
820,1.498981678022632,1.0213350098520098,0,1,email
188,1.7146305317587844,-1.199945653822123,0,0,email
39,-2.9315673893011507,-0.9019955016703318,0,1,youtube
1650,-2.8106985358849497,-2.5597268804912154,0,0,mix_email_sms
2741,2.3226901060713256,1.2323163321553154,0,1,email
2879,-1.4678901329856928,-1.3778254604296385,0,0,mix_email_sms
1112,-2.761186524210232,-1.326132902732516,0,1,youtube
3158,-1.1982823980973223,0.4873672177424252,0,1,email
2051,-2.8240657706805568,-2.411528149157065,0,0,sms
1891,1.1066869320212,1.1564716026827357,0,1,email
500,-3.0508572962954412,-1.7188106403265815,0,0,sms
2355,-2.430705641935474,-0.8576730159002851,0,0,sms
1394,1.897396674588645,-1.5240506179654452,0,0,mix_email_sms
351,-3.543404123230439,-2.327001065994346,0,1,youtube
2098,-2.669693586745199,-0.9100515793916547,0,0,sms
1512,-2.049532452560386,-1.14463961297832,0,0,sms
1968,-3.0787888973375064,-2.1759123275306855,0,0,sms
2261,-1.8356451626747106,-2.756125717344844,0,0,mix_email_sms
154,-2.8223614304198907,-1.6233030718321266,0,0,sms
254,-1.9575671855623222,-1.436552446723646,0,0,youtube
1035,-2.567334009922851,-1.4352230264504091,0,0,sms
1260,-2.462341926595421,-1.0658679961442916,0,0,sms
2167,0.2760225616229558,-0.6029280937821252,0,0,mix_email_sms
2201,-2.46604251022233,-2.3572310959774185,0,0,mix_email_sms
610,-2.6963723724066355,-1.8339833556124407,0,0,mix_email_sms
738,-1.0911222608288798,-1.543216902847258,0,0,sms
1459,-0.9730887616250538,-2.8276099197238556,0,0,mix_email_sms
1098,-1.9630802788573865,0.45839567942367804,0,1,mix_email_sms
2320,-2.762220872133758,-1.0918957447284539,0,0,sms
1244,2.3290043531708946,0.8693520347564583,0,1,email
1489,-2.380774048977082,-1.7542510988791997,0,0,sms
2738,-3.6024763509863034,-2.8516075709929383,0,0,mix_email_sms
3209,1.2823242328867552,-1.8031300848389962,0,0,email
1443,-0.6457221076258924,-1.323995889343256,0,0,mix_email_sms
421,-3.116873843495713,-1.0443546867064304,0,1,youtube
2608,-2.121576249564263,-2.4932557577210406,0,0,mix_email_sms
1131,-2.883459074727711,-1.6065348313051138,0,0,sms
713,-1.8071015257372487,-0.6679801574703478,0,0,sms
2627,-2.582548867196804,0.1333404537644532,0,0,sms
436,-2.039446160338965,-0.37739682193038887,0,0,sms
187,-1.0841610725881168,-1.9338921178316384,0,0,mix_email_sms
2397,-0.013776486660873381,-2.3366178728699545,0,1,email
1522,-2.087693095026919,-1.7867786239436942,0,1,email
516,-0.8974582068013772,-2.9270880379453743,0,0,sms
151,-1.1240425727987913,-0.46974243455843434,0,1,email
2613,-3.573379242164666,-2.1778769411439116,0,1,youtube
1371,3.3206088136101997,-2.4395228312892785,0,0,email
258,-2.0810313114232986,-1.0652413914880785,0,0,youtube
1724,-1.7719267811124904,-2.159034963984279,0,0,mix_email_sms
336,-2.659919327482989,-1.0818872848524295,0,0,sms
140,2.548180948774745,-1.5535000404630612,0,1,email
2942,-1.0869665264938109,-1.7592653936116582,0,0,mix_email_sms
701,-1.882138007732391,-1.3151141282914989,0,0,mix_email_sms
2274,-2.77507116072137,-1.070089529025646,0,0,sms
2496,0.07559986768615413,-2.2974042608347682,0,0,email
2535,-3.4100308743942325,-0.9923455369208255,0,0,sms
762,-3.355481246618601,-1.3871556163733831,0,0,sms
2251,-0.24591276731437367,-0.7124516370720285,0,0,mix_email_sms
785,1.486925874451558,-3.6316332699349543,0,0,email
2103,-2.498676612960752,-1.7990248434923206,0,0,sms
1846,0.8476300583087212,1.4686268770197635,0,1,email
328,-0.948587328711394,-2.7068009691172037,0,0,mix_email_sms
2392,-3.7295446915910597,-0.23569811527705542,0,1,youtube
354,-3.1043862180264594,-1.4284557846113046,0,0,sms
506,-1.3734605210093722,-2.2173010421553716,0,0,mix_email_sms
3171,-0.36922863279272533,-1.2741126811282502,0,0,mix_email_sms
411,-2.0721234394976955,-2.962475739749157,0,0,mix_email_sms
3117,-3.406042503733107,-1.169331791445803,0,1,youtube
1006,-3.0789804735108444,-1.1813003635293675,0,0,youtube
95,1.1729339852921832,-1.669520899378966,0,0,mix_email_sms
2316,-2.619081029634015,-2.2528972506496503,0,0,sms
2928,-1.280994789159416,-2.3381860157858947,0,0,mix_email_sms
688,-2.2061387238208416,-1.4510429569415662,0,0,sms
1996,-2.8310560011960377,-2.1936199587407668,0,0,mix_email_sms
1556,-2.2265243545483178,-1.7791255374289163,0,0,sms
2715,-0.7900752459006571,-1.455515431548523,0,1,email
409,-0.7918384800459877,-1.6589853200065694,0,0,mix_email_sms
902,-2.4073784345853824,-0.7571100376710201,0,0,sms
1305,2.567422484200505,-0.16629472491746178,0,0,email
389,3.332591910989242,-1.5642243714985644,0,0,email
2664,-2.8206941995302652,-0.8910404094765253,0,0,sms
2556,-3.0727289722225715,-1.836708178802463,0,0,youtube
270,1.8404769242156194,-2.943538263073652,0,0,email
528,-3.2727912951727562,-1.5239100084558086,0,0,sms
945,-2.0726158292446764,-1.9694544381316408,0,0,sms
2964,-3.2187763839253396,-1.25745865979658,0,1,sms
2445,-3.300119945899341,-1.3525945107862332,0,0,mix_email_sms
1044,-1.8368868495324224,-2.2094791877663464,0,0,mix_email_sms
3039,-1.1545924962098892,-1.2770978097937251,0,0,sms
422,-2.7948452454808583,-1.9602837939418618,0,0,sms
458,-1.3893029269495516,-1.3365435696813805,0,0,mix_email_sms
2097,-2.3743567941175376,-1.937469027548011,0,0,sms
2747,-2.9184021397135274,-0.7484081877693852,0,0,sms
770,2.0140702325732716,-1.0353700811533149,0,0,email
2477,2.2567378609698228,0.3591005769679214,0,0,email
2476,-3.3178544681016153,-1.8618236336767056,0,0,youtube
2177,-2.641763656676335,1.8072236474441847,0,1,mix_email_sms
2590,-1.3200326107365197,-1.3464160312618758,0,0,mix_email_sms
3057,-1.3219392275846125,-2.1576687308645184,0,0,mix_email_sms
2910,-3.1295530651584027,-0.7759790669137107,0,0,youtube
1833,-2.3013770909576774,-1.3644467469595603,0,0,sms
2582,-2.538794830047434,-0.6011642183746576,0,0,sms
558,-1.2493843086718233,-1.0311333569329804,0,1,sms
1665,-2.1119523794792334,-0.7777151360185044,0,0,sms
554,3.155780128843288,-0.6197100645895661,0,0,mix_email_sms
1401,-1.6222931152822795,-2.3317758943650864,0,0,sms
2194,3.994224957511115,2.538158704027941,0,1,email
1166,-2.927782597994248,-1.307091166079079,0,0,sms
90,-2.959489117789012,-0.7073951070468263,0,1,mix_email_sms
712,-2.4278069657424974,-0.44475462496890383,0,1,sms
2828,-2.2015175104762634,-1.9602864636965556,0,0,mix_email_sms
2988,-1.636738247773025,1.3080925964038157,0,1,email
2192,2.512666494268801,2.3219310794996275,0,1,email
1103,-0.8263384487429091,-2.2243555727835824,0,0,mix_email_sms
750,-3.0595988264846428,-1.3383193125519064,0,0,sms
292,0.5195990319813099,2.3557683770224083,0,1,email
234,-0.2984246755514046,-0.77612134103499,0,0,mix_email_sms
3199,-2.43092925126184,-2.076214442672276,0,0,mix_email_sms
3183,-3.2618456623588234,-1.0992053381547164,0,0,youtube
435,-0.5804132800549913,-2.3607075432531106,0,0,mix_email_sms
1192,-2.980709407919314,-1.7589766402042806,0,0,sms
2169,-1.5821955517250346,-0.6613129055840289,0,0,mix_email_sms
2245,-2.5682196962626676,-1.6148418253079915,0,0,sms
922,-2.706989970868286,-2.2966546437160416,0,0,sms
2379,-2.1265502242545984,-1.9898624973352061,0,0,sms
2793,-2.8817722278320512,-1.651139157792304,0,0,sms
179,-2.90923096555617,-1.743634552653088,0,0,sms
1369,-2.871986978936568,-1.5743996268953484,0,1,youtube
2769,0.3751182237778393,-0.10013737202742025,0,0,mix_email_sms
1061,-3.573379242164666,-2.1778769411439116,0,1,youtube
813,-1.7282214943655807,-2.2594309156832315,0,0,sms
1626,-2.5782786353986857,-1.9716636708424238,0,0,sms
69,-0.39681306864765825,-1.4097947834141877,0,0,mix_email_sms
3014,-2.5813844419139285,0.588294412075937,0,0,sms
3108,-0.5347898374542175,-1.503164621499214,0,0,mix_email_sms
1198,-2.725304599538096,-0.28554491635023865,0,0,sms
1732,-2.15308817952845,-1.8327454188577141,0,0,mix_email_sms
2536,-3.2452594924859106,-1.731318804902439,0,1,youtube
882,-2.0112531322361065,-2.666373552563252,0,0,youtube
2322,0.3073807949750389,-1.8589574808416587,0,0,mix_email_sms
1979,-1.8194646768489764,-0.93813762632824,0,1,email
869,-0.43469218889615835,-1.425147875640264,0,0,mix_email_sms
1378,-0.6187711562662693,-1.9603278503358437,0,0,mix_email_sms
1785,2.7924030186438373,0.597560192486295,0,1,email
1896,2.358792534927491,-1.7427951039442762,0,0,mix_email_sms
1051,0.3402263345536002,-1.8175402195120056,0,0,email
2363,2.3091665145540374,-3.9072526824723814,0,0,email
2416,-2.6756004436841274,-0.8124582548686716,0,0,sms
1082,1.6668157901371765,-2.22115273124661,0,0,email
3086,-2.5125878859510333,-1.000271021773383,0,0,sms
398,-0.25314742720217903,-1.434624099321951,0,0,mix_email_sms
347,-2.8036440314873023,-0.9742804018767331,0,0,sms
1566,-1.0880374932433343,0.967000660460296,0,1,email
666,-1.2368155607220082,-2.1658887121056574,0,0,mix_email_sms
2567,-2.378304634386501,-1.2409305505674129,0,0,email
1878,-1.1514971722997958,-2.047221896659586,0,0,email
1078,-1.9828696284958007,0.22343187192048353,0,0,sms
2136,-3.451251415051118,0.06876425742774932,0,0,youtube
489,-2.6563932351037316,-1.9266489736554535,0,0,mix_email_sms
804,1.8451308032836846,3.913855186292441,0,1,email
1553,-0.8805999445602531,-2.0178310917763205,0,0,mix_email_sms
2710,3.753636721557865,-1.8166629734788657,0,0,email
663,-1.3154948480346764,-2.3701266801450616,0,0,sms
325,-0.7600364196505801,-1.659384540792376,0,0,email
2874,-3.2057527126870697,-1.2570248183026436,0,0,youtube
1821,-2.196358796083368,-2.3056308559725505,0,0,mix_email_sms
2637,-2.875303407951628,-1.2523783693005108,0,0,sms
691,-2.7990956096369435,-1.8976699498601484,0,0,sms
2903,-1.3801091940458574,-2.314833819943627,0,0,mix_email_sms
796,-2.2099804122525475,-2.1393753806150637,0,0,youtube
897,-1.485452880810614,-2.285692348420225,0,0,mix_email_sms
1536,-2.7104206983319914,-2.273628174786216,0,0,sms
2822,-2.7544821230035215,-1.6931984662052104,0,0,sms
166,-2.818889616427059,-1.858291116957662,0,0,sms
2788,-2.1822684407335595,-2.014609840888093,0,0,sms
660,-1.548688437648179,-1.5706723934745572,0,0,sms
2731,-2.1915300354825886,-2.615038730942249,0,0,mix_email_sms
75,2.210038284384554,0.9807615364935475,0,0,email
1611,-2.1710553888739006,-2.536737455104943,0,0,mix_email_sms
1875,-2.8672509043681345,0.17901046909769536,0,1,mix_email_sms
1029,-2.6429723033082406,-1.3576914410001069,0,0,sms
2525,-2.309572604567693,-1.7745525513773768,0,0,sms
1266,-1.0981493664249262,-1.7039156182647213,0,0,mix_email_sms
2189,-2.4921403245613645,-2.6800532854216117,0,0,mix_email_sms
2526,-1.8850570739145234,-2.0411571107924393,0,0,mix_email_sms
2459,-1.3239899139922626,-1.553585947156528,0,0,mix_email_sms
2630,-1.9689140312585727,-1.0244839969348927,0,0,sms
2091,-3.437231265399694,-1.3439038692366003,0,0,youtube
604,-2.508440201505602,-2.7172451739647494,0,0,mix_email_sms
2721,-2.4219549223950105,-1.4858981691184299,0,0,sms
2661,-3.14557173892383,-1.450548046304305,0,0,sms
321,-1.9099242374731837,-1.2368442571777913,0,0,sms
1994,2.07832290053544,-3.542146558547622,0,0,email
2137,-2.6179618273364293,-1.498102116025197,0,0,sms
2151,-2.2090669533807836,-2.5333407014010705,0,0,mix_email_sms
2620,-1.1544177307958634,-0.46320545307700667,0,0,mix_email_sms
766,-1.4469687741675794,-2.425329612346238,0,1,sms
3035,-2.792018065418212,-1.5103347370343456,0,0,sms
2719,-2.957426694630964,-1.6397931022371146,0,0,youtube
60,-0.9590018888096444,-1.1534459727642612,0,0,sms
677,-2.119898972054719,-1.9752592467441759,0,0,youtube
1909,-1.0926378891779076,-1.5210035815585068,0,1,sms
1866,-2.121526388525692,-2.1339684047829763,0,0,mix_email_sms
1919,0.817071216419823,-0.977780447462364,0,0,email
697,-2.1917422625644996,-1.7188216428116405,0,0,sms
3208,-2.8668068280239893,-0.7383297605515206,0,0,sms
849,-0.8186635287999755,-2.490239423106747,0,1,youtube
2300,-1.6125299734803324,-1.8232285053284507,0,0,sms
2163,-2.059695507058854,-2.071739902759905,0,0,mix_email_sms
840,-3.2063658812780407,-2.036978380229836,0,0,youtube
462,-1.2073461371328413,-1.5307499431417118,0,0,mix_email_sms
2614,0.3682362705356188,0.248351830887897,0,0,mix_email_sms
94,-2.5226061984007764,-0.6969217957378729,0,0,sms
634,-2.4525782059930856,-2.0954402327216783,0,0,sms
1476,-2.726735675425977,-0.7503913513232564,0,0,sms
2336,-2.1404294692139594,-1.3795937566663259,0,0,sms
2843,-2.4119507435768943,-2.693396003512345,0,0,mix_email_sms
2232,-1.7993488363454524,-1.4361762821261752,0,0,mix_email_sms
363,-2.8210997135803733,-1.7810603428843852,0,0,sms
587,-2.404946651289465,-0.10104377990842474,0,0,sms
1179,-3.534219962120552,-1.6650899582333045,0,1,youtube
530,-1.8811590252066892,-2.2110742350090278,0,0,sms
471,-1.193356896303865,-0.8180113977970453,0,1,email
1936,1.3352942602693618,-2.7024515776662965,0,0,email
1671,4.506655225100575,3.8747181842991942,0,1,email
2801,-2.07998580111217,1.212141589129826,0,1,sms
1201,0.7317734906085909,1.660340144133653,0,1,email
2176,-2.001880645261073,-2.0165375027548347,0,0,mix_email_sms
2099,-1.5877626341424893,-2.185588342129801,0,0,mix_email_sms
2746,-2.216687579050966,-1.3357161154019537,0,0,mix_email_sms
1099,-2.8465142622664654,-1.2686511514795407,0,0,sms
3068,-2.3521089908769133,-1.1521032759495942,0,0,mix_email_sms
2524,-2.052178479355825,-1.1384203899336167,0,0,mix_email_sms
335,-2.9435639356649217,-0.6361037796687695,0,0,mix_email_sms
139,-2.586603328763522,-0.8724331121550964,0,0,sms
2010,-2.708064245775462,-1.686382014396856,0,0,sms
2178,-2.2293716228674385,-2.225032464205918,0,0,youtube
648,-2.9472053133181655,-2.0135685651077475,0,0,sms
2450,-2.2992465615559254,-1.282815385917271,0,0,mix_email_sms
2481,-1.3820699659153084,-1.5221299651674112,0,0,sms
620,-2.5596945230164474,1.261248826838133,0,0,sms
1333,-1.5645588501364143,-2.3785743602204343,0,0,sms
2701,-2.355772722307152,-2.1658388710402012,0,0,mix_email_sms
2454,-2.974942339455743,-0.6078614144220179,0,0,sms
641,-2.2178286005009644,-0.42628692550031344,0,0,mix_email_sms
175,-1.8715532272845001,-1.379044127324968,0,0,sms
2625,-3.1617314540840207,-1.2870158138793304,0,0,sms
255,-2.4891573165897984,-0.42536699333063055,0,1,mix_email_sms
399,-3.2427792534132545,-1.8141481042850687,0,0,sms
3054,-2.0898833502554623,-2.4876249158307777,0,0,sms
87,-2.7564492206978106,-1.9008720342900582,0,0,sms
552,-2.3381983726162785,-1.3467104584905567,0,1,youtube
1275,-1.1547552059315305,-1.9916502721739942,0,0,mix_email_sms
1010,-1.0996764635008796,-1.4868815138836409,0,0,sms
2014,-2.8949936545060044,0.9557675897971264,0,1,mix_email_sms
3107,-2.843568496141299,0.15087954872438036,0,0,sms
1957,-1.8053221301317415,-1.4940820931753274,0,0,sms
700,-3.0249751442098747,-0.7893287119336851,0,0,sms
1185,-0.07089427060615143,-1.9433906357763069,0,0,mix_email_sms
2295,-3.1209548091035026,-1.2538826738397741,0,0,youtube
2950,-2.7386641001336742,-0.5039365330706292,0,0,sms
1310,-1.4672480118677955,-1.7335426002037126,0,0,sms
2479,-1.5863223971266835,-1.8197548006653785,0,0,mix_email_sms
1388,-2.3274456661025287,0.08405419136809476,0,1,sms
296,3.9910464504904315,-0.6831260664255491,0,1,email
3070,1.851976952911929,3.0194402112662804,0,1,email
583,-1.4023696506529608,-2.2301033437829707,0,0,mix_email_sms
2767,-2.1268097552168683,-1.815125051336894,0,0,sms
424,-2.294829173017926,-2.0900434934548144,0,0,sms
1482,-3.187884753584175,-0.6697233843325348,0,0,sms
1294,-3.2964593423330784,-1.7761750816443713,0,1,youtube
1840,-2.351188833044585,-1.4023192765724226,0,0,sms
1944,-1.9730930657503305,-1.6451542252747997,0,0,sms
2570,-1.6110219400777985,-1.106953056925133,0,0,mix_email_sms
291,-2.6696602338390307,-0.8804050791881041,0,0,sms
983,-1.8211951095489471,-0.1512059653737612,0,0,sms
2389,-3.2238148907942676,-1.8177066056487008,0,0,youtube
970,-2.1795861963303613,1.0330134664161803,0,1,mix_email_sms
1269,-2.4016628343615807,-2.1555806564353133,0,0,sms
308,-2.487158294227326,-0.3286278348029729,0,0,sms
1702,0.6887091776561445,-0.04948146037736121,0,1,email
333,-1.470341937075224,-2.470753138025418,0,0,sms
1710,-1.5653645700371293,-1.3076513093023496,0,0,mix_email_sms
765,-1.7350077177937682,-2.1038056323714587,0,0,mix_email_sms
872,0.7752140327670396,-2.493273345895312,0,0,email
875,-2.3167332585730476,-1.9438233837583696,0,0,sms
2443,-1.9915578349153882,-1.0597759573334251,0,0,mix_email_sms
431,-3.049256494229905,-1.594490916664592,0,0,sms
2031,-3.22419634593214,-1.4041960771703603,0,0,youtube
601,2.135932938648252,-2.203896302109355,0,0,email
17,1.3458908057735877,1.6690063449722063,0,1,email
977,-2.844041629345476,-1.779888158984445,0,0,sms
420,-2.8108343185582925,-1.188694293489106,0,0,sms
1535,-2.4895885240022064,-0.4323783142257951,0,0,sms
2840,-2.9014712273479644,-0.5785858444273994,0,1,sms
1966,-1.340484197357915,-0.7175681715283182,0,1,sms
2155,-2.6886455087193823,-1.6618363796694593,0,0,youtube
2888,-1.0036519026718402,-3.052281392011996,0,0,mix_email_sms
1032,-0.49305460377193944,-1.5236764449057791,0,0,mix_email_sms
1270,-3.2360413283755456,-1.5922902477693077,0,0,youtube
2622,3.613478131661205,-2.0388548441571634,0,0,email
616,-1.3680991080683598,-1.703252077296075,0,0,mix_email_sms
1802,-2.5488226638401406,-2.3748828630962056,0,0,sms
2442,-2.536627940937654,-1.7868802723802484,0,0,sms
2851,2.319796378849511,-1.325614388654751,0,0,email
505,3.7456814494287087,-1.0808841241303924,0,0,email
2361,-0.48633464402335524,-1.7719968289200276,0,0,mix_email_sms
1086,-2.7162861819471837,-2.0537663294715287,0,0,sms
614,-2.1362355429379316,-1.6828875347455634,0,1,youtube
1963,2.110550238928983,-3.166190392584588,0,0,email
2915,-1.8645975959116685,-1.0474029738866861,0,1,sms
450,-0.18653590770123163,-1.4890664190557603,0,0,sms
2557,-1.5490740012489466,-1.650228904364077,0,1,sms
146,-3.1883900808784973,-1.8448327122559425,0,0,youtube
1624,0.13986307476280413,0.04854534277911203,0,0,sms
168,-0.8546884708733317,1.6332076821569994,0,1,mix_email_sms
2992,-0.3554446663138468,-1.6414757401497242,0,0,email
2571,-3.071102261033923,-0.2709664093401333,0,0,sms
1281,-2.8957139075198928,-2.081384970179872,0,0,youtube
1395,-3.029468734389572,-2.410284518464402,0,0,sms
1937,-2.6803287755910272,-0.850061991223047,0,0,sms
1800,-3.2232563808877392,-1.2750123437316099,0,0,sms
161,-1.5345161953113822,-0.9807135315215679,0,0,youtube
104,-1.6279794894976127,-2.4927407199283156,0,0,mix_email_sms
734,-2.41052923275454,-1.0315117124634805,0,1,email
862,-2.7334457502766005,-2.1761970890267017,0,1,youtube
2812,-2.8741838974804317,-2.0589655444867008,0,0,mix_email_sms
2832,-2.01182548288753,-2.5144448090314073,0,0,mix_email_sms
2369,-2.2676829845089213,-0.7723751834018753,0,0,sms
2066,-1.8943676269035283,-2.315763242734729,0,0,sms
2330,-2.3995376504035706,-2.1178435390203134,0,0,sms
2239,-3.417994462473784,-2.0339785385548463,0,1,youtube
1635,-1.2599224631414423,-1.0191067095858337,0,1,email
2467,-1.9698308835818066,-0.607872092750941,0,1,sms
3180,-1.3640727789121516,-2.4327568518058182,0,0,sms
3154,-3.1047838303506055,0.8117671779570671,0,1,mix_email_sms
2034,-1.7262298531260098,-1.573288940714842,0,0,mix_email_sms
3104,1.5021274577934818,0.4997351518583776,0,1,email
2323,0.3632014296528914,-2.3752941190953285,0,0,mix_email_sms
1313,1.765408393738234,-2.3735994972254497,0,0,email
2409,1.8706160473817957,1.1344661514558123,0,1,email
1474,-2.7409669312666933,-1.610230628807588,0,0,sms
3100,-2.1008656723036525,-2.419677887879039,0,0,mix_email_sms
1943,-1.8275222066246162,-0.19218044152109143,0,1,sms
2315,-2.396945607959741,-0.38024543813036016,0,0,sms
2705,-3.5338434190693375,-1.7661076133390683,0,1,youtube
1077,-0.05523852820731428,-0.6769207952150542,0,0,mix_email_sms
800,-2.2480880795979106,-1.7965929444985063,0,0,sms
986,-1.764554235056789,-0.3068361746233802,0,0,sms
1737,-2.918264480184581,-2.0923829703914114,0,0,sms
2143,-0.4374885577918617,-1.8194466281929313,0,0,mix_email_sms
2390,-3.082362256358325,-1.8346326903723036,0,0,sms
1324,-0.7708451683993166,0.5030832900608584,0,0,mix_email_sms
2794,-2.626996487886437,-1.5335390135863647,0,0,sms
3119,-2.746715541506307,-0.6766738503063522,0,0,sms
2012,2.5893207729937617,-2.333934267881307,0,0,email
2223,-0.8277613961817505,-1.5712167791153833,0,0,mix_email_sms
915,-3.121784660834596,-1.7338287139847297,0,0,youtube
1233,-0.452706290256909,-1.9948325307060861,0,0,email
1900,0.9166421720537191,-3.102877887445489,0,0,email
84,-2.3342663204409324,-1.1297255978147527,0,0,mix_email_sms
588,-1.6529969095230361,0.6890540481877102,0,1,sms
2071,-3.006405174556,-1.5452732120703114,0,0,sms
2367,0.5464891315669823,-0.21856382319065354,0,0,mix_email_sms
2127,-0.23295318946834498,-1.1019360232425515,0,0,mix_email_sms
2474,-2.039228651502972,-2.5550899096566235,0,0,mix_email_sms
1924,-2.8430574876555204,-2.0642822760631994,0,0,youtube
2821,-0.8057282710947615,1.262581172797012,0,1,email
1871,-1.4236444843496656,-1.4815925392749205,0,0,mix_email_sms
921,-2.4661827204164535,-1.650392772622395,0,0,sms
622,-2.9372299503378985,-1.2813071718715803,0,0,sms
623,-0.9370175731181452,-1.0750281516404314,0,0,mix_email_sms
984,1.4537158552336222,-2.4322445969343214,0,0,mix_email_sms
285,-2.938089537792794,-1.1435191702781045,0,1,sms
1767,-3.552234109227781,0.13547088674303387,0,0,sms
884,-1.993519492400833,-1.96989953689551,0,0,sms
608,2.244765682678985,-2.400793623734049,0,0,email
825,-2.5369311754979993,-1.8021217668746423,0,0,sms
1826,-0.9383807310471027,-1.3462035414949507,0,0,mix_email_sms
1183,-1.331239117177235,-1.6028209410070888,0,0,mix_email_sms
2480,-3.2757881956707005,-2.0900646650224255,0,0,sms
32,-2.5206521895116607,-1.2907953598520157,0,0,sms
2677,2.2371937427048376,-1.1516293575429748,0,0,mix_email_sms
2256,-3.047179261528293,-1.7039424178769431,0,0,youtube
1765,-2.6658155047537404,-0.9851656258804806,0,0,sms
276,-1.675899665020383,-2.223249541752579,0,0,mix_email_sms
67,2.1777021477876843,-1.577605837136118,0,0,mix_email_sms
240,0.6732958596045899,-2.74140550161787,0,0,mix_email_sms
593,-1.3979551554962355,0.732235238776488,0,1,sms
1661,-1.9227944994875021,0.9280632799878087,0,1,mix_email_sms
1344,-2.338930040358431,-1.6153226764451984,0,0,sms
437,-2.0831632760912098,-2.18629699867753,0,0,mix_email_sms
1876,-2.6266387709964008,-1.7099115097381996,0,0,sms
2800,-2.5802590002216403,-2.04362331598581,0,0,sms
2357,-0.9642633316896324,-1.623937590030242,0,0,sms
97,-3.223268895261447,-1.5571129152903367,0,1,youtube
2093,-2.088984564967319,-1.1840415926893686,0,1,youtube
2815,-2.7046199121905543,-1.5581038643957268,0,0,sms
745,-2.3769390107260007,-1.828370728152361,0,0,sms
942,-2.074236127142412,-2.114484333085185,0,1,sms
1976,4.592480810707225,2.4837169806263555,0,1,email
1248,-1.9359474460185404,-1.93312533230061,0,0,mix_email_sms
2585,2.659700131220324,-2.2565241580872133,0,0,email
1681,-2.5858360601258545,0.05157997614468522,0,0,sms
223,-3.015028108976634,-1.3558355719058268,0,0,sms
1381,-3.1821835289687246,0.6809328024723074,0,1,mix_email_sms
1576,-1.2429623920971204,-1.1238604011994011,0,0,sms
2370,-1.995652420777352,-2.2482804931434646,0,0,sms
2906,-2.522598986522916,-0.5451859184754247,0,1,email
359,-2.0612493207101066,-2.1074188455244576,0,0,mix_email_sms
2170,-1.7926078207605072,-1.7323347579291857,0,0,mix_email_sms
783,-2.1700594293594233,-0.5975664603805877,0,0,sms
1141,-3.11750298606613,-1.8658679830825071,0,0,sms
630,-1.2839673215056426,-1.799578443966574,0,0,sms
1328,1.2439439963123498,-1.9598577853942618,0,0,mix_email_sms
1824,-1.5285459112685866,-2.508545666725883,0,0,mix_email_sms
28,-2.092384275490522,0.7213545132110328,0,1,mix_email_sms
1146,-1.4659575837377583,-2.815882676951284,0,0,sms
1657,-2.7033717761139684,-1.4101353206617226,0,1,sms
551,-3.7729153256238632,-1.3537901211906365,0,0,youtube
2181,-2.611668789837774,-1.5515827764918644,0,0,sms
2999,-1.298853337092571,-1.6432598008227217,0,0,mix_email_sms
1829,-2.3774687293351144,-1.7781960395740652,0,1,sms
1178,-2.088367019511084,-1.5541098518903838,0,0,mix_email_sms
1445,-3.489558381083227,-1.2118839128546577,0,1,youtube
2963,-3.520301397695418,-2.332051706354614,0,1,youtube
1144,-0.060014638145205294,-1.9782617059159977,0,0,mix_email_sms
2685,-2.8982995846401565,1.7336138842171644,0,1,mix_email_sms
2016,-2.5561360801822564,-1.6485432554882855,0,0,sms
1200,-3.5005486744851906,-2.4837967673198,0,1,youtube
1602,-2.533374078206754,-2.379351968680689,0,0,mix_email_sms
2456,-2.4106313014411116,-0.6972305382539207,0,0,sms
539,-2.9401351477154365,0.1253363935795856,0,0,youtube
381,4.047867298884635,2.5137034312818254,0,1,email
938,-2.1614339464086125,-1.3022365304541208,0,0,sms
1336,-1.967722227833836,-0.9571380129207172,0,0,mix_email_sms
1446,-2.9561424207176135,-1.6432475371122306,0,0,sms
2514,-2.840420661898986,-1.5838491077311552,0,0,mix_email_sms
694,-0.6844660943639936,-1.1660893239087136,0,0,mix_email_sms
2652,-2.721200754222081,-0.4726910600833734,0,0,youtube
618,-3.054518387779246,-1.3386967437142632,0,0,youtube
34,-2.8093421723509335,-2.4054509292068698,0,0,youtube
2149,-1.7024757882496904,-0.5232324905364619,0,1,mix_email_sms
2765,2.8237396237326746,4.495708523535152,0,1,email
940,-2.7895172629730887,-1.1763911825152387,0,0,sms
110,-2.7101795298031375,-2.233361763990601,0,0,sms
524,-3.561030038064838,-2.7058774308785023,0,1,youtube
2395,-1.4385215723466536,-1.4319828199785525,0,1,email
43,-2.3523077669362378,-1.9295082254797193,0,0,sms
1517,2.1082978970970796,3.8537316560486774,0,1,email
3172,2.1352206365507427,-4.526319574652591,0,0,email
768,-2.0067102135746016,-0.21406306738442693,0,1,youtube
2749,-0.21747820265977705,-1.4329251823392366,0,0,mix_email_sms
1288,2.1329810435918195,-0.44342952686795384,0,0,email
1509,-1.570784859298623,-2.2809029721225826,0,0,mix_email_sms
1117,-2.616499169029963,-1.922250267214843,0,0,sms
810,-1.8156089237222452,-1.5851959289991435,0,0,sms
225,-2.996964690876097,-1.4865307864982682,0,1,youtube
281,-1.5215632934008214,-1.6393872864767955,0,1,sms
2218,2.230414518307289,-1.9155346995565181,0,0,email
1396,-1.5682824325801836,-0.4925900096839881,0,1,email
2228,-3.010596759046269,1.5184195438479613,0,1,mix_email_sms
1647,-2.3570290673056085,-1.6898865980652285,0,0,mix_email_sms
433,-1.6979622998346318,-0.2515346062978641,0,0,mix_email_sms
1487,1.2711813186941874,-0.7001905100711173,0,0,mix_email_sms
843,-3.1451233740073055,-1.8183651295573218,0,1,youtube
1817,-2.3406881598200178,-1.9195780938135847,0,0,sms
3186,-2.8326397704351205,-1.7041586492497596,0,0,sms
263,-2.5431493430684093,-0.7927719521519945,0,0,sms
1557,-1.4774417581650336,-1.1605928900857216,0,0,mix_email_sms
1483,-2.515640445608067,0.8076884935828974,0,0,sms
2084,-0.3890988401707599,-1.935093503839236,0,0,mix_email_sms
1109,-3.1034620595878373,-1.7705913320179028,0,0,sms
1049,-2.6788386170949052,-1.8513019923365859,0,0,sms
2007,3.2753529634650898,-1.4983759565607322,0,0,email
2342,-2.5709638549655414,-1.7676128747800686,0,0,sms
305,-1.7906021513068786,-2.3649309357282458,0,1,email
1441,2.091156930300398,-4.736940936592009,0,0,email
3166,-3.2385157099107147,0.2648914934863428,0,0,sms
698,-1.1865248264663872,1.8384607453151185,0,1,mix_email_sms
501,-2.096773731542875,-1.6548030491400605,0,0,sms
2810,-1.963467743459163,-1.4761707776360133,0,0,sms
1596,-1.2252928419252092,-1.8540948978557026,0,0,mix_email_sms
1216,0.49500002623642136,-0.8468032086043479,0,0,mix_email_sms
2434,1.144337880740043,1.5498382597786657,0,1,email
2509,-2.3409153984525752,-1.5661054023508736,0,0,sms
1540,4.619500905950201,1.834893438919371,0,1,email
1005,-0.5701887064443766,0.7877763834077555,0,1,email
78,-3.1957102982205763,-1.5172575942394022,0,1,youtube
594,0.9376639074905607,2.190979139053519,0,1,email
896,-0.577462284836165,-2.2801181425270793,0,0,sms
2987,-0.2203361110036326,-1.6785963387748997,0,0,mix_email_sms
2544,-2.329624041713151,-2.247073742117191,0,0,sms
1760,-1.1446366672348836,0.08469991783698737,0,1,sms
100,-2.984924070850168,-1.6240609226480542,0,0,youtube
3045,0.16805826232663834,-1.1789398241268194,0,0,email
2892,-0.9218759254071104,-1.418564939133974,0,0,sms
1110,-3.0059070086888506,-2.0217200055277225,0,0,youtube
2908,-2.894534310918477,-2.050180412182203,0,0,sms
1092,-0.9068870941717183,-1.4324006518692234,0,0,mix_email_sms
644,1.3539619712112139,-4.218800062796901,0,0,email
2645,-1.2004594797803607,-2.5583109207090002,0,0,mix_email_sms
3048,-2.5303387665631174,-1.484516129009137,0,0,sms
3067,-1.0060678422703235,-3.144515571829897,0,0,mix_email_sms
1778,-1.412842680392572,-2.952816027464398,0,0,mix_email_sms
3173,-1.9930123448764943,-1.780298584012448,0,0,sms
61,3.356067779759759,-0.5766800952173975,0,0,email
1608,3.9240382878626354,1.7895000101758511,0,1,email
416,-1.2255413007098328,-1.1853160376960223,0,0,sms
2412,-3.189151762348509,-1.4204978680842786,0,0,sms
771,-2.962183528520506,-1.8633610035257377,0,0,youtube
1379,-3.023105131857521,-0.5281615843060636,0,0,sms
628,-2.05840481763928,-0.591438675264084,0,1,sms
776,-2.4815560620180612,1.8775697050143212,0,1,mix_email_sms
567,-2.8856882091950355,-1.6621128965597918,0,0,sms
2883,-1.9787832949806903,-1.880722899194258,0,0,mix_email_sms
40,-2.8192981392342835,-1.5995233588475481,0,0,sms
3170,-2.6312317257443807,-2.0507175745324937,0,0,youtube
1807,-0.685890771695831,-2.584178043896189,0,0,mix_email_sms
1627,-2.501925085370176,-1.0194407932323999,0,0,email
2665,-1.6917907154097076,-0.7980444911730387,0,1,sms
2293,-2.2606488242489675,-1.8726303779021118,0,0,sms
853,-2.695321977854117,-2.0234189106963307,0,0,sms
491,-2.615076517302844,-0.8398718535865803,0,1,youtube
1143,-0.45732950847334153,-2.1843031132921844,0,0,mix_email_sms
502,-1.9684466178536997,-0.908097183146823,0,0,sms
128,-2.901996324400937,-1.4385306091541226,0,0,youtube
2291,-1.9088181946482643,-2.3094027293449484,0,0,mix_email_sms
2414,-3.1570074079648895,-0.48708070563687245,0,1,youtube
1757,-3.053489305569152,-1.8856873251773092,0,1,youtube
846,-2.726120283413765,0.8336636371273334,0,1,youtube
366,-0.9106952410043877,-1.0011841316584607,0,0,mix_email_sms
3204,-2.9063840044797162,-1.0750213361001653,0,0,sms
790,-2.9445216953668254,-1.582667648301843,0,0,youtube
803,-2.4392567303102175,-1.9050073645539607,0,0,sms
919,-1.411885601395226,-3.0366212692309658,0,0,sms
1234,-1.51029124256436,-0.10417886290826835,0,1,sms
3001,-2.8153399191783253,-1.9310872846886264,0,0,sms
2025,-0.49977259080996816,-1.6335863668351607,0,0,mix_email_sms
2026,-2.280485439573182,-1.1927984394041513,0,0,sms
425,-0.46311498558317366,-2.546712051247792,0,0,sms
2565,0.22575093804571036,-2.1987119834935815,0,0,mix_email_sms
1391,-3.142116325014107,-2.100422406459807,0,0,youtube
449,-2.8048920088929616,-1.518103873172237,0,0,sms
2325,-2.2130745909003187,-2.1981430061965552,0,0,sms
653,-1.74416249028955,-2.6461544846600513,0,0,mix_email_sms
243,-3.342130424416628,-2.199773029137094,0,1,youtube
2186,0.6368699045078917,-1.267160606137343,0,0,mix_email_sms
2053,-3.05460796619815,-1.093296199235507,0,0,youtube
2742,-2.442553656122205,-1.8226941634679077,0,1,youtube
170,2.8051500932704814,0.12786080966412358,0,0,mix_email_sms
1636,-0.5027249955285029,-1.1780392165394147,0,0,mix_email_sms
568,-2.9503297719461985,-2.0617223454626252,0,0,mix_email_sms
2505,-2.248272740027161,-0.5745781017923955,0,1,sms
1279,-1.931732785335392,-1.5456287520648202,0,0,sms
53,-2.2603191081066454,-1.5713261641646274,0,0,sms
664,1.0825762841925064,-2.850171862057156,0,0,email
996,-3.2472362794504344,-1.6567420933296482,0,0,youtube
2112,-2.936044231515056,-1.525234677129091,0,0,sms
470,1.9721184668424896,-3.20951807613875,0,0,email
267,-2.5300649964474866,-0.898725340440792,0,0,sms
3055,2.07573967536255,1.248950029832747,0,1,email
459,-2.537804351996347,-1.9058384572310298,0,0,sms
375,4.018835862477789,0.5708100427787832,0,0,email
2441,-2.8729288332165366,-1.9415986244485828,0,0,sms
838,-3.098764052389454,-0.2725934676757899,0,0,youtube
1668,-1.439816496071449,-2.621085888732646,0,0,mix_email_sms
2871,-0.2131343488291092,-2.580855993952425,0,0,email
1314,0.11940683588513794,2.7583458614430696,0,1,email
2408,-2.663778110955082,-0.7630728425552366,0,0,youtube
2927,-2.5762837460240924,-0.7191268710422815,0,0,sms
1980,-1.926544367720318,-1.9701689317066233,0,1,youtube
1618,-1.7877547455734522,-1.1293895021384535,0,1,sms
888,-1.8572379004530042,-1.506904006507907,0,0,email
3102,-2.15899322030997,-0.10343845013832766,0,0,sms
2038,2.3985372532989246,-2.970474094348774,0,0,email
826,-1.6696155848896628,-2.8169341380714883,0,0,mix_email_sms
2605,2.3385609119397306,-4.8408225412673165,0,0,email
2687,-1.5482577512170224,-1.9400814027752096,0,0,mix_email_sms
1231,-1.8018327250073787,-0.011861409993896746,0,1,youtube
2109,-1.858745196546939,-2.27882170347134,0,0,mix_email_sms
1334,-2.1776986223853596,-0.7820274625423181,0,0,sms
1593,-2.937783544909247,-1.668744567156741,0,0,sms
2807,-0.4233575618942481,-2.3844897551576363,0,0,mix_email_sms
2405,-1.4337225142876815,0.6041808973043028,0,1,sms
3044,-2.9680998111469004,-1.3328291503003447,0,0,sms
2884,-1.6165849755283386,2.5947588797331878,1,1,mix_email_sms
441,-2.952616660974322,3.0021952831892977,1,1,mix_email_sms
737,-0.3069971827754207,6.131668385432688,1,1,mix_email_sms
2187,-3.351627429865903,4.214268608275765,1,1,mix_email_sms
3058,-3.7298903208442016,5.4882698818312345,1,1,mix_email_sms
2040,-3.7809273942929447,7.239711260497414,1,1,mix_email_sms
1081,-2.3684343814842292,3.057769212062439,1,1,mix_email_sms
237,-2.0277417389057355,6.160959425068958,1,1,mix_email_sms
510,-1.3931961238985506,8.780975899069217,1,1,mix_email_sms
1386,-0.2517054177967666,4.073263488674394,1,1,email
2606,-2.085678629922811,3.429418818303819,1,1,mix_email_sms
1518,-2.5530735062864167,1.7558693998089063,1,1,mix_email_sms
3025,-0.5468348529477493,10.241734082609215,1,1,mix_email_sms
1563,-1.8479755828471207,7.595670786527877,1,1,mix_email_sms
3003,-2.919858445437324,2.327828818319622,1,1,mix_email_sms
522,-2.1187658194085732,5.919880083619834,1,1,mix_email_sms
1439,-2.298096595837507,5.610550863955954,1,1,mix_email_sms
934,-0.85691631987464,5.427589119084536,1,1,mix_email_sms
591,-0.8909429639564098,10.05087007141913,1,1,mix_email_sms
1529,-1.1146531192750881,12.93260468584436,1,1,mix_email_sms
474,-2.825456114604193,7.941081076286036,1,1,mix_email_sms
2411,-2.7727342542038484,6.604250752960774,1,1,mix_email_sms
2172,-1.556776596158464,3.940598107538965,1,1,mix_email_sms
2618,-2.579557792531507,2.6714469850425577,1,1,mix_email_sms
1457,-1.7553484325047128,4.328673787179746,1,1,mix_email_sms
487,-2.9289024241404693,2.5816271347632402,1,1,mix_email_sms
3046,-2.4250514610961935,4.898342196053483,1,1,mix_email_sms
3115,-3.212465854752294,3.4671269874869646,1,1,mix_email_sms
1340,-2.4469011200703132,5.964109371540181,1,1,mix_email_sms
473,-2.5681708207262663,3.818636024233748,1,1,mix_email_sms
1753,-2.090544388108756,5.073288030873009,1,1,mix_email_sms
2138,-0.8770308873537553,8.020714548797633,1,1,mix_email_sms
2954,-1.8109454455907317,5.113559588234141,1,1,mix_email_sms
3026,-1.7781534986290657,6.741294190360768,1,1,mix_email_sms
1312,-3.3076445892099837,3.5056891317229035,1,1,mix_email_sms
374,-3.4687615409916193,4.3390592904657765,1,1,mix_email_sms
83,-1.6146144516754903,4.316845294517982,1,1,mix_email_sms
1097,-1.496137185115627,6.021583743003705,1,1,mix_email_sms
46,-1.7613703618747227,2.9110112171807105,1,1,mix_email_sms
548,-2.521536594202277,4.943625462304534,1,1,mix_email_sms
603,-3.601822996824066,3.7015742145315453,1,1,mix_email_sms
1993,-2.884734170090609,9.218178284685093,1,1,mix_email_sms
2056,-2.3330366292531024,5.416070110601876,1,1,mix_email_sms
1119,-3.602831502555256,2.3014605397387284,1,1,mix_email_sms
932,-1.2488770595623073,6.6450188747950225,1,1,mix_email_sms
652,-3.0205210311075406,8.78736305113259,1,1,mix_email_sms
3082,-2.1457395253223317,4.18707189093114,1,1,mix_email_sms
3129,-2.2862701456041634,3.6181187925943084,1,1,mix_email_sms
953,-1.074962004839909,4.521627867530421,1,1,mix_email_sms
1589,-2.1326207240382002,5.58319251743122,1,1,mix_email_sms
2587,-0.4876449238495709,11.715640911344575,1,1,mix_email_sms
242,-2.69157789236613,4.78600962364604,1,1,mix_email_sms
893,-2.660129417437733,7.090721386274008,1,1,mix_email_sms
855,-1.6732504246714308,7.733800276096765,1,1,mix_email_sms
1823,-3.3534332088932697,2.380036355732163,1,1,mix_email_sms
2166,-2.074992296134739,3.4429046585327483,1,1,mix_email_sms
1319,-3.717404359402029,3.3793627498702303,1,1,mix_email_sms
517,-1.7405868989636772,5.856899305420463,1,1,mix_email_sms
295,-1.9833588172333667,2.577498032773431,1,1,mix_email_sms
3015,-3.2161007034536655,2.945035057346783,1,1,mix_email_sms
503,-3.348820283306344,3.448856536175059,1,1,mix_email_sms
26,-2.0912413483470846,3.5761427463802913,1,1,mix_email_sms
3177,-1.872620065545132,3.2332713757680978,1,1,mix_email_sms
2215,-0.8794558441370769,3.18670811160421,1,1,mix_email_sms
1161,-2.786049503055762,2.5454997571754148,1,1,mix_email_sms
2945,-0.7910090371414034,10.80466635673176,1,1,mix_email_sms
692,-1.5383174425604185,7.151290304866086,1,1,mix_email_sms
498,-3.043032797402645,6.116520468823002,1,1,mix_email_sms
1229,-2.087252301448773,1.8097074586852602,1,1,mix_email_sms
2473,-2.69153547295161,1.5083129182840966,1,1,mix_email_sms
1855,-2.9233764661170145,4.290869916493485,1,1,mix_email_sms
92,-2.554721556708397,5.827010801516624,1,1,mix_email_sms
2184,-1.8291667202944866,4.207220635208013,1,1,mix_email_sms
2375,-3.290629968258126,1.375750446392911,1,1,mix_email_sms
1727,-0.5577639383314166,3.7970719503402783,1,1,mix_email_sms
1915,-1.7185337107120613,7.859089675421388,1,1,mix_email_sms
1758,-2.199195508936785,5.7651249465508325,1,1,mix_email_sms
1425,-3.32363481819762,2.241871740583593,1,1,mix_email_sms
842,-1.6059533198922509,7.79388463250373,1,1,mix_email_sms
2118,-1.7834468180609913,8.922342310798689,1,1,mix_email_sms
742,-2.624399227363086,5.469300220225,1,1,mix_email_sms
1037,-1.6508433891933343,5.807267730890584,1,1,mix_email_sms
529,-1.9865837807271052,2.774933275275678,1,1,mix_email_sms
1304,-1.1084902466570867,7.3264222568248885,1,1,mix_email_sms
1190,-2.8388254874281955,3.754629381576881,1,1,mix_email_sms
1435,-3.0632188023454745,3.2811256880082342,1,1,mix_email_sms
70,-2.25633082012172,2.394414061057972,1,1,mix_email_sms
2696,-1.7372686861207844,4.815164978491493,1,1,mix_email_sms
2866,-2.2897775902395265,3.0975209908336288,1,1,mix_email_sms
2880,-3.445403667493303,3.532418329704231,1,1,mix_email_sms
526,-1.9472177380286713,5.357376721079495,1,1,mix_email_sms
2119,-3.4179158805834713,6.260235284729471,1,1,mix_email_sms
1893,-1.2138632052605889,7.78367240243881,1,1,mix_email_sms
2679,-2.9863630791561415,2.0835863003098747,1,1,mix_email_sms
1872,-2.4553119583279863,5.519330272050908,1,1,mix_email_sms
656,-2.2789227123653495,3.986939387113462,1,1,mix_email_sms
3196,-3.549229345706286,3.33016670432406,1,1,mix_email_sms
1162,-2.898142598461904,5.668170789485341,1,1,mix_email_sms
1191,-2.6984367561886007,7.632526060100158,1,1,mix_email_sms
883,-3.2494690973739893,6.922906884294307,1,1,mix_email_sms
1877,-1.6260651234485237,6.364643309757086,1,1,mix_email_sms
818,-2.933227271391056,8.732538249724845,1,1,mix_email_sms
495,-1.88133549395578,3.053921057170954,1,1,mix_email_sms
2244,-3.0208302093498105,1.9621697534728415,1,1,mix_email_sms
1410,-2.350812160433734,5.556975067294075,1,1,mix_email_sms
2666,-1.0705183719786318,6.363188071248536,1,1,mix_email_sms
2086,-1.790260929230826,6.444003144433408,1,1,mix_email_sms
1004,-1.6678774198625104,3.311916382242572,1,1,mix_email_sms
2649,-1.2016395369130497,10.683681577811244,1,1,mix_email_sms
1142,-3.5722672113157037,3.722998316260849,1,1,mix_email_sms
485,-0.9505623399439896,4.737490726543672,1,1,mix_email_sms
1375,-3.1929486755533247,4.403527247583391,1,1,mix_email_sms
2328,-2.686581658356353,1.299295840012542,1,1,mix_email_sms
2027,-2.7501581378650153,7.146263630659589,1,1,mix_email_sms
427,-2.7573160772954606,4.754776559357923,1,1,mix_email_sms
1021,-3.772047659230846,4.952610676923884,1,1,mix_email_sms
410,-1.5191067346879408,5.7112195838618565,1,1,mix_email_sms
901,-2.6759102098720176,6.356134133291906,1,1,mix_email_sms
393,-2.018652677262134,5.375877489188873,1,1,mix_email_sms
132,-3.6235470403335848,2.9656366344145098,1,1,mix_email_sms
2561,-0.16917399946434353,5.9364918136917915,1,1,mix_email_sms
777,-3.06546743495227,10.298706357320281,1,1,mix_email_sms
2735,-2.486370720944347,4.672363594278966,1,1,mix_email_sms
2495,-2.2701344245323307,7.5765884183528645,1,1,mix_email_sms
538,-3.7553574994032872,3.763572772453427,1,1,mix_email_sms
2576,-2.186548738385702,5.149008582107185,1,1,mix_email_sms
690,-3.552399793944318,1.1045592902966248,1,1,mix_email_sms
2385,-0.5980214887848583,9.17111156027538,1,1,mix_email_sms
2791,-1.8107427708553057,4.215986623643133,1,1,mix_email_sms
266,-1.1538564327003966,3.523204784569259,1,1,mix_email_sms
3,-3.5071827302015848,1.0548803701123395,1,1,mix_email_sms
3160,-0.9899040680505663,8.201125405536944,1,1,mix_email_sms
2728,-2.441541071397362,3.1514949599722515,1,1,mix_email_sms
1770,-2.350943924421444,3.320347885712419,1,1,mix_email_sms
1193,-2.420302981951644,7.125959722695736,1,1,mix_email_sms
194,-0.7241844495691964,9.14758290830246,1,1,mix_email_sms
2185,-2.4616805398130626,3.6451122999238916,1,1,mix_email_sms
1368,-1.971288601207994,6.056694525142373,1,1,mix_email_sms
543,-2.7060666480557014,5.176028937437857,1,1,mix_email_sms
2249,-2.339301264223734,3.145515011933222,1,1,mix_email_sms
1017,-2.7964012362973594,5.11668637273868,1,1,mix_email_sms
156,-1.9902918461151318,9.079326252298097,1,1,mix_email_sms
1450,-3.5305677147742154,1.0972630451966359,1,1,mix_email_sms
1620,-2.534272912167969,1.7552323763771727,1,1,mix_email_sms
835,-3.3773917747625775,8.357032841829184,1,1,mix_email_sms
2926,-2.539022616122314,7.7746483331689555,1,1,mix_email_sms
1363,-2.7856113466585013,9.660226251784838,1,1,mix_email_sms
2762,-3.1309460910700504,8.233687291033402,1,1,mix_email_sms
1496,-1.9193324123378985,5.629697420426776,1,1,mix_email_sms
1048,-1.3543629770848757,4.44858035621487,1,1,mix_email_sms
2030,-2.5834373242667836,5.203560744360356,1,1,mix_email_sms
373,-0.938030749922795,8.039269947130776,1,1,mix_email_sms
1806,-1.3793778883565757,7.782520387185261,1,1,mix_email_sms
323,-1.1903363335086419,8.91750487122352,1,1,mix_email_sms
563,-1.2344951354772495,8.366822610789761,1,1,mix_email_sms
2077,-1.9276628698388352,7.297880080334373,1,1,mix_email_sms
645,-0.9097944390028203,8.151072768647145,1,1,mix_email_sms
1899,-1.8117719128240855,3.8897727079534588,1,1,mix_email_sms
3211,-1.46186850422746,7.642322309471049,1,1,mix_email_sms
2472,-2.2460442446718547,5.254373309301037,1,1,mix_email_sms
2168,-1.3498961192317425,6.813324336301722,1,1,mix_email_sms
1206,-0.6692246952646256,4.536858505402744,1,1,mix_email_sms
2706,-3.2787578469239307,2.2233713542470785,1,1,mix_email_sms
1830,-1.7503673267393924,2.901713160913431,1,1,mix_email_sms
2001,-2.838903086120328,2.9928739727842255,1,1,mix_email_sms
2932,-2.15011266405023,4.661720082733398,1,1,mix_email_sms
2401,-2.5853727247778586,6.548165523107958,1,1,mix_email_sms
440,-2.203736082974908,4.579327475839744,1,1,mix_email_sms
1864,-1.7769771802342333,7.820175388409401,1,1,mix_email_sms
1007,-0.7838210028193242,9.589790538792819,1,1,mix_email_sms
3063,-3.70486895835261,3.220597392801747,1,1,mix_email_sms
2956,-3.419214686705293,8.54419085841066,1,1,mix_email_sms
859,-1.994296280366049,3.3739453013028937,1,1,mix_email_sms
716,0.219265980234077,4.710674975330135,1,1,mix_email_sms
2371,-2.3700053134915215,6.5095279312803624,1,1,mix_email_sms
1136,-1.8002235681887244,6.979534304930956,1,1,mix_email_sms
3005,-0.6863202099128823,9.014099438590412,1,1,mix_email_sms
2530,-2.926278695115812,1.8090555789870921,1,1,mix_email_sms
2566,-2.8377406190353898,8.529851705660088,1,1,mix_email_sms
2199,-2.629791038821665,3.628623313423678,1,1,mix_email_sms
1857,-2.284608972121553,7.558921594828452,1,1,mix_email_sms
2966,-3.103539408775921,4.753321711401197,1,1,mix_email_sms
3095,-3.1414477129568517,8.015718168511926,1,1,mix_email_sms
683,-2.9629093636875226,1.4997028503820544,1,1,mix_email_sms
819,-2.6821751973653982,2.6511296644584696,1,1,mix_email_sms
1738,-3.328036907080715,2.429644434208561,1,1,mix_email_sms
54,-1.4452949828356898,5.935804695033047,1,1,mix_email_sms
2720,-3.133755052214166,2.366510209949525,1,1,mix_email_sms
173,-2.139198720603272,6.180149889053603,1,1,mix_email_sms
979,-1.704611311848598,3.1997375295805295,1,1,mix_email_sms
2241,-2.193892681239797,5.960465445303201,1,1,mix_email_sms
378,-2.1297426909352155,8.3730983161962,1,1,mix_email_sms
1500,-2.0444869720343886,4.62125599032341,1,1,mix_email_sms
2848,-1.579052520615822,4.86898328982353,1,1,mix_email_sms
2766,-3.133232966031045,5.6350211682518,1,1,mix_email_sms
1629,-2.3961059409536922,7.480613131708842,1,1,mix_email_sms
1859,-2.076059343138061,8.272717201524538,1,1,mix_email_sms
342,-2.8379302533656956,3.732957013312201,1,1,mix_email_sms
2277,-3.209041574709357,4.057082436563509,1,1,mix_email_sms
201,-2.455192098748296,7.476000208828304,1,1,mix_email_sms
3053,-0.7332216474233848,6.823624529986215,1,1,mix_email_sms
3073,-2.7452834532303694,4.082676259765191,1,1,mix_email_sms
1488,-2.3973773148466018,3.768754884510975,1,1,mix_email_sms
303,-2.505802137414145,3.8359671498909056,1,1,mix_email_sms
3089,-1.4051342106856344,8.808967373329056,1,1,mix_email_sms
1295,-2.7837909556244425,4.621419241285361,1,1,mix_email_sms
3124,-3.105964000637497,10.393405956347454,1,1,mix_email_sms
2424,-2.549484792104963,3.900108264554965,1,1,mix_email_sms
2924,-2.7621471377044053,4.229065918646268,1,1,mix_email_sms
891,-2.9742631895053555,1.3611070890065993,1,1,mix_email_sms
720,-1.737338335682006,4.922096180034962,1,1,mix_email_sms
1530,-1.6139384125496137,4.986857346108921,1,1,mix_email_sms
1756,-3.587766555597929,3.2902161945736563,1,1,mix_email_sms
2211,-2.316166362104944,4.884055516479498,1,1,mix_email_sms
995,-0.8089679419290486,8.473781402666182,1,1,mix_email_sms
259,-1.8230301555944042,3.736109478240424,1,1,mix_email_sms
674,-2.4839311695383137,1.8036515856015447,1,1,mix_email_sms
3002,-3.0357367861326745,2.174132984227548,1,1,mix_email_sms
994,-2.622729112859589,5.438934148762517,1,1,mix_email_sms
1578,-3.1221474215234633,3.6441424577670825,1,1,mix_email_sms
1277,-3.0498596884691045,4.579548107928643,1,1,mix_email_sms
385,-1.538831504503473,5.820844529710579,1,1,mix_email_sms
1623,-2.1879066327071626,7.181118996342107,1,1,mix_email_sms
1251,-3.054280320078273,6.920042029077928,1,1,mix_email_sms
200,-2.3336442827790065,4.874832539143065,1,1,mix_email_sms
155,-3.1012406597904043,2.7634478024078475,1,1,mix_email_sms
2847,-2.357900815423154,3.758791709806806,1,1,mix_email_sms
423,-2.9743585308578324,3.8279141356616253,1,1,mix_email_sms
1513,-2.5789109503613066,2.033262039345729,1,1,mix_email_sms
2824,-1.8354130258717942,7.796928042829951,1,1,mix_email_sms
1707,-2.0909687447884,5.253945520676735,1,1,mix_email_sms
2804,-0.3329820203404208,6.721326070319986,1,1,mix_email_sms
2902,-1.4783173749882792,3.0858761621851016,1,1,mix_email_sms
1591,-3.0520098721312845,3.580043092082972,1,1,mix_email_sms
1946,-1.9068413991659983,3.1432589021450985,1,1,mix_email_sms
3043,-1.8256085944922118,9.839805236381647,1,1,mix_email_sms
1365,-1.7638545672787849,8.805645588439328,1,1,mix_email_sms
565,-2.3059466709761494,2.3612005829057896,1,1,mix_email_sms
1014,-2.0052878039258575,10.100306824089552,1,1,mix_email_sms
1373,-3.0905996128729045,6.05012324216198,1,1,mix_email_sms
553,-2.303416354626915,2.6074401718726397,1,1,mix_email_sms
196,-1.763600894278052,4.45281032759182,1,1,mix_email_sms
1715,-2.4079009761298797,5.100476813492673,1,1,mix_email_sms
1664,-1.4329145819257074,6.43811824587164,1,1,mix_email_sms
2792,-1.618032455637041,4.830371452874774,1,1,mix_email_sms
1554,-0.15204805644456365,8.804947103692841,1,1,mix_email_sms
45,-2.701621308885866,5.70033543583051,1,1,mix_email_sms
689,-1.5842994805345187,5.08134927863616,1,1,mix_email_sms
322,-2.1205992454036697,3.737791553045599,1,1,mix_email_sms
1241,-2.9101962438527536,5.846686292993959,1,1,mix_email_sms
1461,-2.6944546804169005,6.1463712644084945,1,1,mix_email_sms
2853,-2.4805864758787353,6.182598568624362,1,1,mix_email_sms
1950,-2.455695536438076,4.334312995037573,1,1,mix_email_sms
149,-3.2812302849942494,9.08647737205416,1,1,mix_email_sms
341,-2.8817200792307793,8.463714822944953,1,1,mix_email_sms
3084,-0.6271593311185217,2.7600758281065767,1,1,mix_email_sms
2527,-3.1673821149118147,1.745867647278043,1,1,mix_email_sms
30,-1.6380708530307955,4.853847501272899,1,1,mix_email_sms
2878,-1.8406859197691183,5.7144216037258975,1,1,mix_email_sms
1850,-1.3425674230767382,4.2406871791834035,1,1,mix_email_sms
1263,-2.897087820293888,2.81545556934492,1,1,mix_email_sms
214,-2.78394291100099,9.511268146443928,1,1,mix_email_sms
357,-2.7283220687181187,4.505438401416432,1,1,mix_email_sms
1299,-2.1234619115679223,4.499080948301707,1,1,mix_email_sms
284,-2.2299482782904234,6.423637771227436,1,1,mix_email_sms
898,-1.3237312312191887,9.566307774985363,1,1,mix_email_sms
1329,-3.1847375914456086,3.485060837555611,1,1,mix_email_sms
3071,-2.442215163940067,3.909450194796956,1,1,mix_email_sms
999,-2.1267746541684422,6.919116357402432,1,1,mix_email_sms
2579,-2.0401385405060823,5.338300997756951,1,1,mix_email_sms
2065,-2.7330573289560647,7.423702828215328,1,1,mix_email_sms
1113,-2.907021789159104,10.423445415930896,1,1,mix_email_sms
3130,-0.7276558592316659,7.002440793871186,1,1,mix_email_sms
426,-2.4474783127858006,6.208001318249607,1,1,mix_email_sms
2643,-3.1476107669084823,5.62753474348376,1,1,mix_email_sms
954,-2.025577145624744,6.260708237869943,1,1,mix_email_sms
1862,-2.8822786988810973,3.5559839197201724,1,1,mix_email_sms
3142,-2.687201428198785,3.515913002938654,1,1,mix_email_sms
1101,-2.066117356724992,5.588248822324223,1,1,mix_email_sms
867,-2.891310452235975,9.711911813443129,1,1,mix_email_sms
2811,-2.882575557790993,6.233764339327489,1,1,mix_email_sms
1734,-2.477689099250105,5.520318115873085,1,1,mix_email_sms
2517,0.008911888707505151,10.120909336388905,1,1,mix_email_sms
1723,-2.0543220544147065,4.64130071025381,1,1,mix_email_sms
598,-2.3800426219448414,3.457040780117401,1,1,mix_email_sms
1985,-1.999753839229845,3.9960938416821365,1,1,mix_email_sms
476,-1.7421079515350977,4.577180878489427,1,1,mix_email_sms
2117,-2.4994045839764745,5.417315151462603,1,1,mix_email_sms
3081,-3.080704067521703,1.433115798948385,1,1,mix_email_sms
693,-2.95817885742225,2.307007419522568,1,1,mix_email_sms
1967,-0.8344968811166801,6.673830773477027,1,1,mix_email_sms
2067,-3.2583628505015327,2.139647770934342,1,1,mix_email_sms
2478,-1.9818182261546713,2.8547985200047417,1,1,mix_email_sms
2803,-3.0724147389601635,7.67480780496792,1,1,mix_email_sms
1810,-1.955449853011442,3.2151309545296605,1,1,mix_email_sms
3105,-1.5520098437729546,8.029858477798179,1,1,mix_email_sms
2061,-2.2237249829561656,6.453572472613055,1,1,mix_email_sms
3062,-1.1972771955852066,10.646660838222504,1,1,mix_email_sms
1904,-1.6666532326245447,7.778724170523131,1,1,mix_email_sms
275,-2.5751860851085575,2.7669613043279337,1,1,mix_email_sms
805,-1.3645133071783881,4.919391599084539,1,1,mix_email_sms
1402,-3.338506866962322,2.7710960123713324,1,1,mix_email_sms
1982,-2.247778989101284,7.04904240467446,1,1,mix_email_sms
392,-2.837515109021822,3.942435984302198,1,1,mix_email_sms
658,-3.2983384575624197,1.8976415739859134,1,1,mix_email_sms
2230,-2.4235733641853634,3.2750409895447756,1,1,mix_email_sms
1811,-1.6252601533639446,2.9346890107580803,1,1,mix_email_sms
1448,-2.7848608703063222,3.0710209301748614,1,1,mix_email_sms
2553,-1.7078258653986387,7.8607997705301536,1,1,mix_email_sms
1696,-2.991722397180215,5.231238818896696,1,1,mix_email_sms
864,-2.3922220377702663,5.295300733516491,1,1,mix_email_sms
1475,-2.163013520686723,6.543489291419078,1,1,mix_email_sms
2702,-2.8665562759252,6.525936921617725,1,1,mix_email_sms
293,-2.1385622861835283,2.8261823266940764,1,1,mix_email_sms
2159,-0.9583573856765939,8.747905512030174,1,1,mix_email_sms
1751,-0.7383212015308874,8.471968319522592,1,1,mix_email_sms
1140,-2.3884714950364745,8.122140032222875,1,1,mix_email_sms
1820,-2.211266891502852,4.98138475814873,1,1,mix_email_sms
850,-2.648629438481327,7.504897858832464,1,1,mix_email_sms
3036,-2.814287125742497,9.148124405415322,1,1,mix_email_sms
851,-0.7799055658797246,4.999487761687767,1,1,mix_email_sms
2382,-1.9611224323627794,8.737997136176743,1,1,mix_email_sms
1986,-1.9536865832608956,2.5817410305294644,1,1,mix_email_sms
715,-3.0219379671670867,4.8420244792993925,1,1,mix_email_sms
2588,-2.5342122439092822,1.9941263014971329,1,1,mix_email_sms
577,-2.3863173914047255,2.0044343505126117,1,1,mix_email_sms
834,-3.2700696078573688,6.131186651002366,1,1,mix_email_sms
1348,-2.684505990214248,5.488128399982747,1,1,mix_email_sms
2162,-1.1224058197708753,6.325596365266978,1,1,mix_email_sms
584,-2.967376017422953,6.792426704694005,1,1,mix_email_sms
1849,-1.7216524761472043,4.509468731652984,1,1,mix_email_sms
2771,-2.9663186669282355,6.037031924879315,1,1,mix_email_sms
1645,-2.2597318108750044,6.083013386587158,1,1,mix_email_sms
3203,-1.674060790255575,4.200219332244367,1,1,mix_email_sms
708,-2.49848592565275,5.117106487495409,1,1,mix_email_sms
1028,-2.151523687798092,7.158293721521966,1,1,mix_email_sms
1155,-3.4936324170969537,3.511757822545429,1,1,mix_email_sms
1845,-2.174510946577322,3.1961635580727603,1,1,mix_email_sms
1367,-1.7054986276793334,9.271577735245481,1,1,mix_email_sms
2096,-2.899230531531831,1.8533227757759072,1,1,mix_email_sms
2064,-3.2109935290037175,6.57050695436249,1,1,mix_email_sms
2449,-1.5714867408582898,5.6999423094641735,1,1,mix_email_sms
2073,-1.3820488328657683,7.987249604677182,1,1,mix_email_sms
2783,-2.1048926922301834,2.360322194770268,1,1,mix_email_sms
2335,-1.210092132830141,8.289417742446052,1,1,mix_email_sms
718,-2.5802782669460123,5.3992943255728445,1,1,mix_email_sms
2079,-1.6089040937131178,4.692092537318909,1,1,mix_email_sms
1252,-2.167787637670072,8.622312932703043,1,1,mix_email_sms
1927,-2.48754163319989,2.921451112796756,1,1,mix_email_sms
370,-1.4412825984064703,7.103398446855124,1,1,mix_email_sms
1240,-1.7253724521766225,8.80576031440794,1,1,mix_email_sms
730,-2.9894704782123593,7.3930143467830085,1,1,mix_email_sms
2938,-1.763374808059761,5.031645287544044,1,1,mix_email_sms
1998,-2.212187858467579,5.550127665985684,1,1,mix_email_sms
2282,-2.0742100609855387,5.232875288762611,1,1,mix_email_sms
2672,-1.303652446844339,9.441432926447098,1,1,mix_email_sms
2628,-2.8375565543983323,3.5962959115540745,1,1,mix_email_sms
2508,-2.1110173519757938,2.5725833897457084,1,1,mix_email_sms
2047,-1.1261983192674816,7.107760397483556,1,1,mix_email_sms
1652,-2.3368032661478066,1.4540615518842992,1,1,mix_email_sms
2846,-3.076301913470649,1.1505669446711926,1,1,mix_email_sms
2326,-1.8039625317881354,4.596599875812558,1,1,mix_email_sms
2092,-3.0821980961227444,5.779984637814569,1,1,mix_email_sms
669,-2.081016324771331,3.924018437390897,1,1,mix_email_sms
1013,-1.6140800544645284,6.444694175252502,1,1,mix_email_sms
2114,-2.5017520038220096,6.77085181500562,1,1,mix_email_sms
2310,-1.9742204761332827,3.6109326495461134,1,1,mix_email_sms
2233,-2.573309629914931,5.961900851910245,1,1,mix_email_sms
1788,-1.289561660176571,5.678811495798494,1,1,mix_email_sms
866,-0.9012947781984136,9.410968953595523,1,1,mix_email_sms
2546,-2.6218500700634837,6.660684215313417,1,1,mix_email_sms
1308,-2.2671268266464244,3.3068441219550126,1,1,mix_email_sms
1749,-1.609430557644338,4.4581604985671905,1,1,mix_email_sms
2131,-3.61905967749636,4.502796452023135,1,1,mix_email_sms
933,-0.9793103246466425,13.231582022510946,1,1,mix_email_sms
1809,4.134702533521631,7.971697604019694,1,1,email
775,-2.949675860571027,2.7963533829814264,1,1,mix_email_sms
1138,-2.085747160380016,5.0721043498957545,1,1,mix_email_sms
2419,-1.3019387358905565,4.312551933302412,1,1,mix_email_sms
1433,-3.171036204044621,2.6445931680068946,1,1,mix_email_sms
1307,-2.321131888890848,4.3083694803085395,1,1,mix_email_sms
686,-2.5649333028853443,2.268598751213836,1,1,mix_email_sms
704,-2.7681844176370896,2.590388354409404,1,1,mix_email_sms
2413,-1.9958709585303014,7.8026809338724865,1,1,mix_email_sms
2094,-2.1949848905840113,4.62946257153468,1,1,mix_email_sms
2122,3.0931295620458457,6.483610765359522,1,1,email
1257,-1.8868905229955,6.553965896414846,1,1,mix_email_sms
2814,-3.35726213727344,7.321697164119958,1,1,mix_email_sms
2280,-2.343023722075451,4.165375163260565,1,1,mix_email_sms
1949,-2.0472106238036414,6.322476812327127,1,1,mix_email_sms
723,-3.0017066375222097,4.96913957081873,1,1,mix_email_sms
3134,-2.4873790735011236,3.5860711494840074,1,1,mix_email_sms
1584,-2.352569753313923,9.064902961883636,1,1,mix_email_sms
2979,-3.1258912282436557,3.3658765296098765,1,1,mix_email_sms
2947,-2.3756245059311896,5.605042630153766,1,1,mix_email_sms
637,-2.22901281972654,4.639859328439519,1,1,mix_email_sms
3076,-2.872819651149862,5.856288662815269,1,1,mix_email_sms
2203,-1.901485301487686,5.846346950444277,1,1,mix_email_sms
754,-1.5310525455714563,8.696320607597066,1,1,mix_email_sms
2569,-2.2876542251414795,7.599016425196702,1,1,mix_email_sms
311,-0.7349485672587787,1.983079568292855,1,1,mix_email_sms
958,-2.0855043514189937,6.411459089123475,1,1,mix_email_sms
417,-2.616493819943105,6.874176567718546,1,1,mix_email_sms
1573,-1.2668793975918409,1.9791676824935698,1,1,mix_email_sms
527,-1.181763570505746,10.04548848759536,1,1,mix_email_sms
1359,-2.7274927061871432,3.7840123784953263,1,1,mix_email_sms
1054,-3.143197358636131,7.371354858435583,1,1,mix_email_sms
3049,-2.885326708720774,6.752652241000982,1,1,mix_email_sms
908,-2.6350522781680974,5.966178214393416,1,1,mix_email_sms
105,-2.866749602010158,3.9534341412556406,1,1,mix_email_sms
274,-2.8365358072047693,3.913135265202031,1,1,mix_email_sms
233,-2.9125326138759453,6.246783859987874,1,1,mix_email_sms
973,-1.5441674874697568,5.449915838321576,1,1,mix_email_sms
822,-1.711989899914983,2.8877299529028937,1,1,mix_email_sms
3096,-1.1265066195073459,7.046187584968629,1,1,mix_email_sms
2332,-2.4507868545736273,7.466667885418932,1,1,mix_email_sms
2574,-2.971731438526505,3.636494522839495,1,1,mix_email_sms
1243,-2.068410620644564,3.756492278238299,1,1,mix_email_sms
2940,-1.9020437395129282,9.227355198796344,1,1,mix_email_sms
566,-3.171758573511939,3.099687432947542,1,1,mix_email_sms
358,-2.5394106684710462,6.0409580045029365,1,1,mix_email_sms
1355,-2.1194231658263725,3.691301316978688,1,1,mix_email_sms
2838,-1.6906178335761872,5.109586407136419,1,1,mix_email_sms
1977,-2.283767909442376,4.790720190481028,1,1,mix_email_sms
2694,-2.3764258692721105,1.961647836264015,1,1,mix_email_sms
1008,-2.8136268102125657,3.1161862268725757,1,1,mix_email_sms
2737,-0.6818605413726591,5.345025207412195,1,1,mix_email_sms
301,-2.360036956294958,4.362768014224819,1,1,mix_email_sms
2990,-2.1514640446009574,4.148189859796128,1,1,mix_email_sms
2730,-2.4733771894750864,8.111151265325566,1,1,mix_email_sms
1186,-3.36288641340127,2.137685155860402,1,1,mix_email_sms
2161,-2.2244865406729417,3.630847761966478,1,1,mix_email_sms
1570,-2.391046686157246,5.313444822442745,1,1,mix_email_sms
2008,-2.8785200175417534,2.9970289787058246,1,1,mix_email_sms
2182,-1.575379845630285,5.362453212343746,1,1,mix_email_sms
1407,-2.2947243960247947,2.3421296620589507,1,1,mix_email_sms
2891,-3.179376915269828,0.7804741263802576,1,1,mix_email_sms
36,-3.1151122255084425,8.604968814211235,1,1,mix_email_sms
1422,-3.544862740636619,3.633346082295103,1,1,mix_email_sms
3037,-2.6136676266858676,2.8405439553007685,1,1,mix_email_sms
2407,-2.1001927898617416,2.853368539932428,1,1,mix_email_sms
590,-3.2630537703581215,2.007033127057836,1,1,mix_email_sms
1265,-1.4151614433358777,6.679252202959804,1,1,mix_email_sms
2946,-1.7698273734853496,7.797657877552649,1,1,mix_email_sms
1210,-1.5939445326549406,3.4286063607736406,1,1,mix_email_sms
2021,-2.644303858308203,4.411840815715328,1,1,mix_email_sms
978,-2.4778888096208327,4.367805267456642,1,1,mix_email_sms
586,-1.3222476116133257,6.616646833969825,1,1,mix_email_sms
1641,-2.1775151396743393,4.835226562571649,1,1,mix_email_sms
1222,-1.0538255417861726,4.797191286555128,1,1,mix_email_sms
401,-1.6822732426895874,3.0467073698098956,1,1,mix_email_sms
2217,-2.6262481694080217,5.904377850444028,1,1,mix_email_sms
324,-2.0835103625851805,8.407317804029395,1,1,mix_email_sms
265,-2.0632942339874187,3.936220821002873,1,1,mix_email_sms
2304,-0.7832826087124459,10.414551350634072,1,1,mix_email_sms
1479,-2.709978341954385,3.279764197649753,1,1,mix_email_sms
1854,-2.215868468803928,8.791886784857553,1,1,mix_email_sms
1145,-1.021593336529518,7.352421592003122,1,1,mix_email_sms
763,-1.692922296918994,5.224146568274693,1,1,mix_email_sms
217,-2.169710902403251,4.476472964442107,1,1,mix_email_sms
2736,-2.6073098666529573,1.6794198629711297,1,1,mix_email_sms
1302,-0.8326554092218638,9.674898517329215,1,1,mix_email_sms
1436,-1.36003746691579,6.238274119413868,1,1,mix_email_sms
2100,-3.165079718301759,6.862992619386992,1,1,mix_email_sms
1604,-1.1588574111230356,5.444940981484489,1,1,mix_email_sms
2309,-2.127980875117675,3.8986273333655985,1,1,mix_email_sms
931,-1.8280532547553523,3.3524307788704077,1,1,mix_email_sms
2160,-2.1889242600689687,1.6256716796453154,1,1,mix_email_sms
2944,-2.915536597061695,1.656011685082167,1,1,mix_email_sms
788,-2.6590865361297005,1.7485331446909906,1,1,mix_email_sms
407,-2.417448839881278,6.8518124356331525,1,1,mix_email_sms
774,-2.232096406202227,8.337716389658105,1,1,mix_email_sms
724,-1.2360827300212123,4.976248119079366,1,1,mix_email_sms
3097,-1.7241386679542299,5.691581967637217,1,1,mix_email_sms
65,-1.8756181505416363,3.3895914132236196,1,1,mix_email_sms
1853,-1.53318447777337,7.941100386028773,1,1,mix_email_sms
1941,4.034797567704456,6.590778736862687,1,1,email
413,-1.9177959099074162,4.3955214701423095,1,1,mix_email_sms
1717,-3.1336736953268116,4.164740049337896,1,1,mix_email_sms
116,-2.8195739466347542,4.284385958365714,1,1,mix_email_sms
894,-3.4554992050429303,4.239307307155106,1,1,mix_email_sms
300,-3.1332347698437752,2.2888449361449457,1,1,mix_email_sms
2108,-3.831698633523078,2.0405351097742033,1,1,mix_email_sms
1072,-0.6432157121892803,5.982955065764608,1,1,mix_email_sms
2818,-2.103804650423652,6.211635874083113,1,1,mix_email_sms
1223,-1.5654341762308783,3.56429693296973,1,1,mix_email_sms
2237,-3.3870866543064233,5.147267255425442,1,1,mix_email_sms
1543,-2.754142964209129,4.412110707060683,1,1,mix_email_sms
365,-3.7327112624623515,1.7702126586944946,1,1,mix_email_sms
2961,-2.040827881686983,7.266162821119176,1,1,mix_email_sms
1897,-1.693754804623597,2.5187894154743278,1,1,mix_email_sms
1326,-1.2105139551906179,9.659559866621995,1,1,mix_email_sms
1187,-2.934148530717014,1.1305685217833805,1,1,mix_email_sms
1207,-2.9496027042211095,1.0524614270811619,1,1,mix_email_sms
1663,-2.981514963962252,3.117662829374961,1,1,mix_email_sms
3047,-0.2472366731784853,9.882336416463426,1,1,mix_email_sms
1390,-1.8181804089676379,8.871616698294226,1,1,mix_email_sms
3139,-1.9341889273734774,3.883656436294144,1,1,mix_email_sms
2612,-3.1496094085870685,1.9302670494686833,1,1,mix_email_sms
2584,-2.587998540410196,5.560477854069549,1,1,mix_email_sms
3197,-3.526891985924295,4.089532328415197,1,1,mix_email_sms
1730,-2.4898320809117944,8.918540707630727,1,1,mix_email_sms
1972,-2.4505158013508868,7.751341968839322,1,1,mix_email_sms
1490,-2.2301359622001176,7.458003698143072,1,1,mix_email_sms
2740,-1.7282820896777915,6.978200751944359,1,1,mix_email_sms
2543,-2.3292853723500233,6.076000418450931,1,1,mix_email_sms
1152,-3.2542461451150415,4.929536352475199,1,1,mix_email_sms
924,-1.6218913281486125,3.989695707424311,1,1,mix_email_sms
307,-0.33446305665722886,3.3310769578560713,1,0,mix_email_sms
1226,-0.7103769063519009,10.310785515343495,1,1,mix_email_sms
2193,-2.980627334862375,8.003930698632503,1,1,mix_email_sms
1093,-3.0865090414129734,6.290819539395902,1,1,mix_email_sms
2718,0.096359975905159,7.863894149417004,1,1,mix_email_sms
627,-3.233343400858433,3.8400989245816985,1,1,mix_email_sms
2146,-3.457829889072275,1.8980789371723499,1,1,mix_email_sms
20,-3.1574003413000393,4.909696554630404,1,1,mix_email_sms
3009,-1.5609065711730905,6.172993392079437,1,1,mix_email_sms
504,-2.5361299261550583,1.528217418851866,1,1,mix_email_sms
1181,-1.5582506227289783,2.175376103351038,1,1,mix_email_sms
271,-1.6698153212910842,6.617610388195705,1,1,mix_email_sms
2886,-2.613104745360211,8.085258620147883,1,1,mix_email_sms
2384,-1.6759500438770067,5.083462157811183,1,1,mix_email_sms
2580,-1.8613030389411467,4.949713189099042,1,1,mix_email_sms
2062,-3.089415531886001,1.7157521525751829,1,1,mix_email_sms
550,-2.160462477333457,3.787767710217265,1,1,mix_email_sms
1901,-3.135717538674686,2.4566290159690958,1,1,mix_email_sms
1942,-2.1240651792913794,5.8192953265576,1,1,mix_email_sms
1356,-1.0950563921645444,8.614809840899534,1,1,mix_email_sms
112,-2.2196463239733535,6.966244995335633,1,1,mix_email_sms
1796,-1.8272619112096022,4.3005789393541285,1,1,mix_email_sms
2133,-0.7610627781886506,6.5385867915081555,1,1,mix_email_sms
1511,-2.533921542887161,1.8544742173141142,1,1,mix_email_sms
949,-2.0937591464609175,3.9299572777528917,1,1,mix_email_sms
3165,-1.6948043990018138,7.845198452833833,1,1,mix_email_sms
2754,-1.7296633838823872,3.48402893254286,1,1,mix_email_sms
3110,-2.3227547565948536,6.248888755998384,1,1,mix_email_sms
2876,-3.227256177769798,7.05357325522959,1,1,mix_email_sms
1361,-2.1468271912371124,9.93139313826679,1,1,mix_email_sms
1084,-1.6872596201282937,7.539343313928777,1,1,mix_email_sms
2716,-2.568508215321239,3.926944201543868,1,1,mix_email_sms
2893,-1.0908946498771601,7.650636415056905,1,1,mix_email_sms
387,-0.21689320406027324,10.512547372463821,1,1,mix_email_sms
2707,-2.1277536988858574,2.983608286431215,1,1,mix_email_sms
1392,-3.330436213594578,4.818748489590899,1,1,mix_email_sms
184,-0.36936797340945837,4.984803639365218,1,1,mix_email_sms
1775,-2.6237114597516435,1.865154548725205,1,1,mix_email_sms
2601,-2.491845365316946,2.8718644747124205,1,1,mix_email_sms
911,-3.3134058311306895,2.575385656084856,1,1,mix_email_sms
1524,-2.375538720321697,6.865836554587084,1,1,mix_email_sms
1096,-2.2184315159999586,4.4093943097595565,1,1,mix_email_sms
2130,-1.406417477504358,6.143304962277041,1,1,mix_email_sms
2269,-3.3476229430424906,3.2424900475742247,1,1,mix_email_sms
2796,-2.4614461390528244,2.6633610016787794,1,1,mix_email_sms
1931,-2.297251125988627,3.0212560165146582,1,1,mix_email_sms
1752,-2.3302856972723385,6.644504118280858,1,1,mix_email_sms
731,-1.3274663092660286,3.888528462661826,1,1,mix_email_sms
589,-2.958544133923465,6.848844562458447,1,1,mix_email_sms
2078,-2.0115447624803466,2.1276936561170845,1,1,mix_email_sms
534,-1.7542217388537447,4.961862252035634,1,1,mix_email_sms
2597,-3.106821624249144,4.050457582452774,1,1,mix_email_sms
1858,-3.304605035103284,3.7712894941420987,1,1,mix_email_sms
1213,-1.2701333522610565,10.567838813602679,1,1,mix_email_sms
2650,-2.3973881344946606,8.152236435411654,1,1,mix_email_sms
706,-1.3069287987501061,9.759545897576894,1,1,mix_email_sms
174,-1.5018665809514693,3.692202483208818,1,1,mix_email_sms
457,-1.1849031508583856,7.965033501092892,1,1,mix_email_sms
633,-0.6477978114218587,6.180105332852392,1,1,mix_email_sms
1492,-1.4583807419757748,6.716443708188155,1,1,mix_email_sms
2438,-2.706575827239171,7.916123260090449,1,1,mix_email_sms
597,-3.350147231177205,1.855740602324283,1,1,mix_email_sms
519,12.213249450842968,1.7381979584479137,2,0,email
2781,5.6317072571716515,4.478802651403346,2,1,email
2647,8.66188475035041,-3.6034264048031206,2,0,email
1925,10.986040787538377,-5.931389819775622,2,0,email
2676,15.474242217830183,2.45452396613122,2,0,email
1218,6.72426427433084,-5.786160105154164,2,0,email
2654,4.1534358999221475,-2.761190039520934,2,0,email
2554,23.405035303893182,8.45519377009007,2,0,email
549,5.054370837188427,-1.2494307087742649,2,0,email
3012,9.381624460450201,-3.6971522998473185,2,0,email
80,5.618222402323845,-2.166422050087633,2,0,email
1868,4.9965347780117915,-3.857603817087327,2,0,email
1701,5.907059866897661,-3.1047098360774927,2,0,email
2101,9.562836651367306,0.04966045008317198,2,0,email
181,9.315755800408784,-0.09345283734146294,2,0,email
685,6.392791976867077,-4.235701726035039,2,0,email
391,5.875581397767405,-0.323084733502225,2,0,email
2852,6.821473028628426,-5.790470115079635,2,0,email
224,9.988604714693617,-4.807809032414773,2,0,email
1434,5.101667698479548,-1.7138036595950963,2,0,email
1268,4.955678074641616,-5.00769818237041,2,0,email
3146,7.903942966645481,0.8758943549239007,2,0,email
494,7.501183661817713,-3.3903791087956847,2,0,email
1721,5.7840899268378365,-5.997039142649611,2,0,email
793,11.382927497220653,-1.2869199343473106,2,0,email
3163,7.093813999378315,-5.269207679304639,2,0,email
2726,6.6455503689254325,-4.046928712009969,2,0,email
2235,4.936622122300104,2.937885031599981,2,1,email
2110,5.101667698479548,-1.7138036595950963,2,0,email
2,6.99477168956899,-2.7213014424900903,2,0,email
1888,7.642320938124042,-6.116013120864831,2,0,email
88,4.484398923999223,-5.234560858378163,2,0,email
1953,6.122500447156223,-2.718123267022574,2,0,email
2139,8.06624818482642,-3.273226404723034,2,0,email
2575,9.800883664200569,-1.3025473520451032,2,0,email
876,8.026704159559324,1.3660962432023698,2,0,email
2651,17.594542911294145,-0.5922136307963847,2,0,email
1219,3.809169156261375,-3.9553414027939677,2,0,email
3152,6.17790378396783,-5.232723800483251,2,0,email
109,11.88866859904181,-5.377361907677397,2,0,email
2296,7.996224754814698,-4.631315383187229,2,0,email
1284,5.507882079534879,-2.500145746871362,2,0,email
671,5.840878050675932,-2.628195236442831,2,0,email
1568,8.05799369035739,-2.1275402945351325,2,0,email
268,11.746147187389846,-5.6616229355578005,2,0,email
2250,4.133832260942502,-3.520955142972148,2,0,email
3075,7.427789860929826,-1.3266584336287532,2,0,email
542,4.3005043556262486,-1.4927646207748366,2,0,email
1132,7.069922056098975,-1.0309935407292339,2,0,email
453,18.52708436951612,4.298376174246742,2,0,email
2644,10.712229434817214,-3.5962608346174205,2,0,email
3132,4.630742348265709,-3.3178297029713493,2,0,email
2337,10.779974062013885,0.2913508060691833,2,0,email
3205,6.117690229275496,-6.827298142701847,2,0,email
2877,10.230756427933914,3.193053911787719,2,1,email
2545,12.401002381372695,-0.5100814423578147,2,0,email
600,5.883797230097997,-4.548932889116635,2,0,email
780,5.711516313441702,-3.314501297751339,2,0,email
3034,13.766372923758396,2.802616042028139,2,0,email
831,5.176361843838236,-2.292700731010374,2,0,email
3114,14.91223698931025,4.449543781068814,2,0,email
2074,6.350917934428043,-4.458690917641884,2,0,email
575,18.428319326456727,8.097712888480823,2,1,email
1020,3.961794028830898,-2.346549183642367,2,0,email
2971,6.372671282431169,-1.9516315142481946,2,0,email
2046,13.240498321935599,4.632870647461045,2,0,email
2240,5.85421500583497,-4.304289372954466,2,0,email
486,16.2904353373785,5.135636329056303,2,0,email
515,6.667631840334663,-5.535132946539591,2,0,email
1558,25.295067921591553,4.436447291699794,2,0,email
2157,10.923832599126946,-0.3833540630593447,2,0,email
579,10.867526160689023,-0.6733068591968677,2,0,email
1471,12.214597897717757,-0.2555287184409468,2,0,email
1080,10.102714284764538,-3.74916345930801,2,0,email
1129,3.69015004850159,-4.134368951744633,2,0,email
1230,5.898970750296131,-4.17041328765958,2,0,email
1739,8.170586998145838,-3.8729583979462996,2,0,email
3168,3.120328323676329,-3.288437065943131,2,0,email
2299,6.51933610048248,0.3683158603542379,2,0,email
533,12.746801102665335,0.3315005884133083,2,0,email
2841,6.251613272283835,-0.12578944683095006,2,0,email
102,13.318428173273734,-4.9795440874669925,2,0,email
1124,6.281893271143234,-3.431322254104236,2,0,email
2541,11.20676927693483,-5.661113782821706,2,0,email
111,6.381238242183897,-3.500781797216276,2,0,email
2165,29.27602872972126,7.691623520150658,2,0,email
2221,8.145819039069128,-2.879053928781082,2,0,email
406,12.422126414026396,5.364538210919264,2,0,email
2653,3.8903720095595737,-4.0016360959771,2,0,email
1503,8.376178290262658,-5.597986288945168,2,0,email
2209,10.22086779174822,-5.676816612886422,2,0,email
1580,5.861144048997737,-3.6421653743098594,2,0,email
1682,6.145085323442415,-2.1450433068827683,2,0,email
2729,11.36767383669907,-0.9667003760866298,2,0,email
153,13.492689080085897,-1.1411694828881551,2,0,email
1828,16.320142099869376,-1.5223917979662747,2,0,email
985,13.212902539007109,4.6815734866714,2,0,email
1615,3.186921216661244,-2.9074565138073587,2,0,email
3162,9.360694897004107,-4.443091636187239,2,0,email
289,10.676859180874194,-1.2717777037178486,2,0,email
1790,14.669349401656367,3.3133939054594195,2,0,email
2684,8.755922630171522,2.1037058498586965,2,0,email
1031,18.253793579036913,-0.6343119204207214,2,0,email
1755,5.563162338701191,-4.252049426152964,2,0,email
1480,6.441750336619647,2.93603027017655,2,1,email
1354,21.494359958906276,2.1185153725141532,2,0,email
2174,78.13344106681758,31.706857670658284,2,0,email
131,13.416247132658816,-4.944015675061783,2,0,email
2197,5.835345709281169,-0.22011298935833556,2,0,email
326,5.83889012941248,2.105327516045035,2,1,email
943,5.983869440633151,-2.337871992690243,2,0,email
2156,5.059973223084849,-1.9483245868352026,2,0,email
976,5.703517017536122,0.5611587478361424,2,0,email
2200,7.573809896118192,-2.3438321084501927,2,0,email
3150,5.04071070054778,-6.19229564324642,2,0,email
419,12.288080599528188,1.4758296925695202,2,0,email
1235,8.058472044572246,-7.209324911715545,2,0,email
1662,7.805878502223594,-5.479454994518301,2,0,email
2689,5.261446080821356,-4.131707437955788,2,0,email
143,9.887673082764893,-3.5723142412338174,2,0,email
108,9.4068725713254,-2.235627449325168,2,0,email
465,29.824074253280646,10.364596460221614,2,1,email
2667,15.503031978991668,6.4102552905399195,2,1,email
631,10.19831419967056,-8.816660223967295,2,0,email
192,6.596545355493856,-3.8634791753634614,2,0,email
619,8.54475985425841,-3.1917368247932987,2,0,email
925,6.630155523239108,-4.314300998578872,2,0,email
2289,11.385992704230548,-2.0454493512117415,2,0,email
3017,4.035304364149769,-3.177795492405437,2,0,email
2058,6.945633403246658,-0.5107689304502958,2,0,email
696,5.917065275505103,-1.861577061664901,2,0,email
2301,17.624614421198377,3.389029660727026,2,0,email
1272,5.946622815529666,-3.5405546753589974,2,0,email
134,6.065308058462534,0.2969442381781995,2,1,email
1437,17.06099671248774,-3.9297543534459263,2,0,email
1729,6.501417068206082,-3.4785154379802075,2,0,email
2447,8.198040217689709,-6.334466167084088,2,0,email
42,4.888574423875357,0.9444886376822162,2,0,email
868,5.354477016050413,-2.7972346501137553,2,0,email
320,8.921413220101206,-6.288776909145717,2,0,email
106,3.3450152537393976,-4.364771791661686,2,0,email
2955,9.142667631243668,-8.044400274717681,2,0,email
2806,5.79730482713418,0.13883647234809582,2,0,email
19,6.11894050924124,-3.822759216280881,2,0,email
2920,6.872994473692108,-3.063194970347036,2,0,email
439,13.552427522363258,-5.900686650251498,2,0,email
817,10.512909018361915,-4.632160681199415,2,0,email
3074,15.50135938666559,5.824997169178869,2,1,email
2586,7.728489169942854,-3.2510938750042735,2,0,email
172,11.515883635843473,-6.4557581963015425,2,0,email
2986,8.573972871543328,-1.1286000648235386,2,0,email
1274,12.029456891833073,3.6868394156370803,2,1,email
159,6.657917888481098,-1.6936825823283763,2,0,email
57,9.148781630020515,-5.436230681365326,2,0,email
2918,3.5972014694114516,-2.5694534441643344,2,0,email
802,10.146311947562923,-1.1508541979974327,2,0,email
245,9.907624492800748,2.324838437810341,2,1,email
1148,4.015871614550373,-2.14377765002833,2,0,email
2984,13.364211345320397,-0.9147755130622156,2,0,email
881,11.376982442576502,-5.524296272384657,2,0,email
841,3.922826091952065,-3.312075343560523,2,0,email
1842,4.801004519222731,-1.0163527177418037,2,0,email
2862,12.55087808439727,1.1232830178037283,2,0,email
1055,9.93501735108554,0.9414319789475251,2,0,email
2430,5.791921402833297,-2.1360591601461234,2,0,email
2482,29.01802696032133,7.92812504694511,2,0,email
2129,5.312528500660915,-5.2666276066612365,2,0,email
2338,6.28548572857331,-5.714622070285627,2,0,email
1387,21.366602835465113,6.698117881264029,2,0,email
2869,21.399855356789434,3.2771946977081208,2,0,email
1036,12.585453658783942,-3.086788422617712,2,0,email
2417,10.718362478352468,0.8363576957283451,2,0,email
480,8.81020023890206,-7.7075661468327255,2,0,email
1358,3.0593676191061268,-5.189692411345865,2,0,email
1182,5.258117077389673,-0.8301745691446095,2,0,email
2914,5.868569925002239,2.098158608285816,2,1,email
1364,7.972895625753311,-4.448699816242053,2,0,email
1595,15.802738702116832,2.1963131006946006,2,0,email
816,11.654356892715306,-4.765846832581449,2,0,email
1622,7.087318575589098,-1.035036454922927,2,0,email
1056,6.017779568421242,0.4681395020177226,2,0,email
1704,4.950335386910728,-3.717356581826164,2,0,email
1123,6.928494106099954,-2.5564071820418204,2,0,email
2658,4.941695823852995,-0.21179451907214836,2,1,email
2713,7.320235985555698,0.2627055787279575,2,0,email
615,5.430165695882306,-1.733491806458253,2,0,email
3116,4.802605310710164,-2.593847673943619,2,0,email
1169,3.6023775319849665,-2.2527882963131964,2,0,email
2825,8.311167378296359,-0.3326359460744154,2,0,email
1491,4.063660348703303,-3.303955817015329,2,0,email
525,6.077277681865585,-6.3443035972134245,2,0,email
2095,8.669173336873945,-2.7541401151889864,2,0,email
2751,6.801963987302655,-0.008797284166612643,2,0,email
1639,4.556842086315984,-3.6107933459696797,2,0,email
885,6.798011716165613,-6.5218349335857155,2,0,email
1889,7.716880676263129,0.41947220804504404,2,0,email
2024,6.623728013740171,-0.8801271806613413,2,0,email
2257,24.707094481819333,-3.642692069874375,2,0,email
2346,5.167046652031804,-0.6193376811803634,2,0,email
1791,5.158946973678085,-5.436052411380759,2,0,email
1672,5.673411517334197,-0.1937162959320654,2,1,email
2425,8.59892918466251,-5.153124768022886,2,0,email
2491,9.932221055399944,-1.026924387295908,2,0,email
2813,6.7070923733050005,-1.6419753402457478,2,0,email
232,14.753611238040458,5.209365178453695,2,0,email
1370,5.477352273856864,-4.713176697026243,2,0,email
1027,3.9502687666292045,-3.4015281925662073,2,0,email
2415,5.460413364796612,-5.848997831449473,2,0,email
1588,7.379530699389402,-4.023034099714769,2,0,email
1912,6.616203082503379,-3.619094134874929,2,0,email
3000,8.123904570481635,-0.5115510516718537,2,0,email
434,5.137294632556023,-4.0041015757708855,2,0,email
827,12.486617903961475,-2.3088363828566894,2,0,email
1748,10.051744941902994,-3.146654954976034,2,0,email
2982,13.779787965413695,-1.8906482662665043,2,0,email
44,5.844431487184199,-4.4813592426444036,2,0,email
3200,3.1927345482669955,-4.753788409793717,2,0,email
2298,15.348877635489599,3.4077148044666634,2,0,email
1149,10.019385606856673,-0.6046557107733065,2,0,email
1108,8.173458725185306,-0.3293017100096348,2,1,email
1249,7.334735250415875,-5.789421733203,2,0,email
2591,4.838181554143748,-3.813165996663069,2,0,email
1282,11.166221161801381,-2.4314834797320124,2,0,email
2857,6.198918262914722,-3.90455361527272,2,0,email
85,8.488384055761113,-2.593536359283617,2,0,email
2485,5.636215025312854,-0.9738953535849361,2,0,email
792,4.35637831527173,-0.6276931367584353,2,0,email
599,9.098815979213265,-2.7697715955577578,2,0,email
246,9.848879277527379,-5.062404477843455,2,0,email
2123,5.346718351012445,2.5596262841840556,2,1,email
1180,6.253513860460911,-3.638864847681961,2,0,email
2993,4.10835886225129,-3.4289214718684016,2,0,email
1992,11.600775182726748,-2.898384192550414,2,0,email
2680,9.297912088910575,-2.1694646829239574,2,0,email
1374,4.884188257066418,-4.8990351722390715,2,0,email
1995,12.187103733132268,-5.585208031649774,2,0,email
2904,4.935456020564905,-0.3679622433901477,2,0,email
3144,4.6757026591253625,-2.060397804733862,2,0,email
1360,5.602519808257563,-3.965063805726774,2,0,email
649,9.503685773003808,0.025187006841458456,2,0,email
1060,4.658471088484106,-2.7390126641155326,2,0,email
1167,17.14429883973407,-0.7778719553127146,2,0,email
1722,6.279676957165085,2.7396079420393855,2,1,email
1076,4.907156635996324,-4.918061693455464,2,0,email
11,13.23852064385525,0.7186098380832909,2,0,email
681,7.05454807697211,-3.9955218126760594,2,0,email
2624,7.706968171762483,-0.9814492788494481,2,0,email
488,18.874516861822674,1.2325285151007497,2,0,email
1921,14.2673664233993,-1.4662499497787451,2,0,email
910,10.764646616255574,-8.004041542243058,2,0,email
2428,4.1745155172038455,-1.0397102975418726,2,0,email
735,3.6072875672456908,-4.988501320527275,2,0,email
1042,9.202661582371665,-3.3847381103040464,2,0,email
1685,4.559612682371176,-0.8952831972540232,2,1,email
2469,5.65798327862229,-6.52566278868041,2,0,email
2366,14.615996156351938,3.515101555323163,2,0,email
3038,5.6701047735687915,-2.9834890564604497,2,0,email
736,6.91249217435809,-0.045393477917281114,2,1,email
2327,10.379377920786544,-2.3178886971169677,2,0,email
903,8.21314463894561,-6.872269128994882,2,0,email
1278,7.347197233275475,-2.9967923470176645,2,0,email
1411,7.4050509344527855,-1.4125394121986727,2,0,email
1716,15.597718952166021,6.316079647222601,2,1,email
2636,17.804960373509452,3.992764919425998,2,0,email
2448,10.33265309318799,-5.417861656733931,2,0,email
2782,8.33778493724325,-3.603970003715575,2,0,email
2028,20.19712024139161,7.194444577792775,2,0,email
2602,4.620934540392984,-5.7042592483171335,2,0,email
1902,4.458979357452829,-4.463444809929372,2,0,email
941,5.6031554405625394,-4.2343664835873955,2,0,email
2396,8.351676183992172,-2.747165709655469,2,0,email
1582,6.4536865456697985,-4.86553007191886,2,0,email
2698,11.24249436718119,-0.5741467630674616,2,0,email
1565,7.294908546178867,-4.2159470721997625,2,0,email
960,3.3780695918715997,-3.199906912639734,2,0,email
2708,9.306224136224419,-3.3665324023624503,2,0,email
2593,11.812236064944164,-1.373387024412542,2,0,email
2204,4.775644780886254,0.09600007528944086,2,0,email
2466,8.058472044572246,-7.209324911715545,2,0,email
1955,7.899990720138531,-4.3451991645119,2,0,email
2487,8.396877976398768,-5.99699190900084,2,0,email
1987,4.875960519680971,-1.7963115877260776,2,0,email
2420,7.714347526137974,-4.074189714637722,2,0,email
2273,6.305859867762328,-6.424794206475132,2,0,email
828,8.003598702541712,0.5354344250466324,2,0,email
1261,16.29327683301069,-2.399117390255055,2,0,email
2082,2.733430719461422,-2.981613454757112,2,0,email
2867,8.135632623859381,0.16652657519705505,2,0,email
2897,7.175005355487162,-5.778090077719036,2,0,email
3101,7.3366171979447605,-1.875211071441808,2,0,email
2373,6.532461838521207,0.12470655476033309,2,1,email
1656,13.506613700864301,3.934633167839862,2,0,email
2104,6.7509519091376005,-4.456482340642545,2,0,email
1168,8.467024109746339,0.13777990388886596,2,0,email
1019,7.8202800097123735,-3.3315426517879394,2,0,email
1372,7.882379812192713,-0.5447168149949787,2,0,email
1764,5.8746355450399035,-3.452708506695269,2,0,email
1655,6.285404972413698,0.5808393205558916,2,0,email
861,11.714197589158028,-1.3805800376859005,2,0,email
887,14.079374269316489,2.834160366289491,2,0,email
2604,7.410470833214237,5.2606267164787255,2,1,email
1586,4.845935062683401,-1.3091130643818174,2,0,email
2703,22.302327822855123,10.123075633232789,2,1,email
2494,5.4709345745667,-5.857459964873221,2,0,email
944,6.900687043970742,-6.439095809975359,2,0,email
1991,10.203835351765731,-4.447948944993512,2,0,email
2671,10.909056551948195,-2.253185045929078,2,0,email
801,4.104141056386902,-3.2604032547861657,2,0,email
2436,16.196794358555035,0.9564443369646035,2,0,email
2842,5.132284031379216,-5.267674566168711,2,0,email
991,5.34253483691094,-6.10234744866771,2,0,email
2400,4.075041698661669,-3.426259121042707,2,0,email
316,5.846700444885467,-4.501335513227481,2,0,email
2936,6.402829255995943,1.492675912621292,2,0,mix_email_sms
461,5.494824379302669,-3.9033159985930386,2,0,email
1970,15.801979335404306,7.810497255380255,2,1,email
625,8.46890869820556,-2.115019234180319,2,0,email
1691,8.290136385123871,-0.49718186731088065,2,0,email
1291,17.52877858179229,-4.356262645452132,2,0,email
1156,5.475940908168063,-3.768040684783521,2,0,email
91,20.91762673722559,2.2482429127350736,2,0,email
231,12.555230549733473,0.45182846507905594,2,0,email
171,15.389911911522288,6.213791634952014,2,1,email
1196,5.554277609987222,1.0554245771423183,2,0,email
1038,13.481557982247741,-2.6637449353033453,2,0,email
2789,8.842320436973429,-0.6857070275077161,2,0,email
2283,4.472317561374767,-0.98089768947926,2,0,email
1579,4.529992210662766,-1.0237604891338925,2,0,email
727,5.6933750960567435,-3.821381419065246,2,0,email
362,5.529640534540727,-0.5761990216254457,2,0,email
1687,15.736661215230226,5.528957949588266,2,0,email
2446,4.502475667084918,-0.5783104738498369,2,0,email
2603,13.30277355881543,-3.2469477992972346,2,0,email
1256,3.9993060288021534,-5.770312959836495,2,0,email
283,7.831431912430823,-0.25455897808077765,2,0,email
2548,4.342941208211059,-3.895913617434006,2,0,email
1454,3.726360072219542,-1.582450908510751,2,0,email
1960,5.522267668365744,-4.9226250835068495,2,0,email
1754,11.486395163683463,0.8634849780993686,2,0,email
2674,4.5894268443871,0.2334334884220855,2,0,email
24,7.535567445164157,-3.9506168272258857,2,0,email
1762,7.574359392849969,-3.4163490718254854,2,0,email
2894,12.882645778275862,-3.485423832950433,2,0,email
761,15.570747231350175,0.8846046649487386,2,0,email
1590,10.241332644051573,-2.280346809374297,2,0,email
2758,5.093193517562431,-3.386815542267855,2,0,email
1526,6.288781148363052,2.8383261648300415,2,1,email
1211,3.9251196556648935,-2.4505542386845374,2,0,email
752,6.05133934063385,-1.742548514829867,2,0,email
2049,9.73802347599183,-3.7088252574311977,2,0,email
1533,16.00687322191168,1.7799373258835056,2,0,email
443,7.658174741769987,3.970715161594923,2,1,email
332,8.54475985425841,-3.1917368247932987,2,0,email
197,9.805467018908184,-1.8309551676150675,2,0,email
1865,6.355265504292609,-5.576994377466839,2,0,email
2263,4.94572614075694,-4.947905604156455,2,0,email
1406,6.941322061385266,2.5373950874609044,2,1,email
2870,14.06466486849156,-5.162786169313923,2,0,email
167,10.043817292876419,-4.427454187947346,2,0,email
2568,9.309152345553905,1.2487626363581323,2,0,email
1634,5.0864775373880295,-2.6955924781988383,2,0,email
1782,6.336034048509622,-1.5155322030357457,2,0,email
2006,10.575674495799957,-1.4174012552704134,2,0,email
1164,7.802277479207623,-2.828379134493142,2,0,email
2734,7.735004422260936,-3.9355050204855493,2,0,email
1023,5.94780798521837,-1.8833731247495982,2,0,email
444,24.299631538465302,2.5651602827230073,2,0,email
1009,5.996154720475243,-3.3172436443751128,2,0,email
957,10.108894090304517,-6.143811671459462,2,0,email
3040,5.4964260290464795,-3.8617289513692823,2,0,email
64,4.827322899616349,-4.1798441153780415,2,0,email
2260,6.769426998555808,-4.126725745571333,2,0,email
2969,9.805236491663509,0.31635075736898244,2,0,email
454,8.5261397319925,-0.736889465267149,2,0,email
2102,6.258926662116098,-3.639576472801499,2,0,email
98,5.713094087901073,-2.709802121110251,2,0,email
1134,3.6902015138547535,-5.955576779226078,2,0,email
273,13.692732772977998,-2.4526481242773506,2,0,email
2933,10.473133870257906,1.1356058478292,2,0,email
2641,4.714200259354537,-5.2447410806154275,2,0,email
1538,4.636868125545031,-2.5530749217086948,2,0,email
1939,5.28703786470624,-1.7410700835242405,2,0,email
2805,4.963044913327423,-2.0739819091205725,2,0,email
2778,16.6118078128308,3.172239831235393,2,0,email
2305,17.603011536400277,9.25544713897046,2,1,email
1667,3.453195533215552,-3.1199248674152886,2,0,email
1455,8.638260237541074,2.0988495445545503,2,0,email
1506,12.125347972602604,-4.5118122365155084,2,0,email
2059,4.229675569585888,-0.8300012454623023,2,1,email
2929,8.901481796183925,-3.9383943509722616,2,0,email
1744,7.2593919181307935,-3.8486314094568144,2,0,email
3145,4.7191188439865694,1.8797384840033609,2,1,email
2931,18.138826728428874,8.879311804001267,2,1,email
2115,6.380540940107283,-2.0864179656644,2,0,email
2399,5.455580525218922,-4.148309576206834,2,0,email
1879,4.982719487960855,-3.3604681906216918,2,0,email
1408,9.309752912944901,-4.204643729087788,2,0,email
1163,3.824431295817688,-4.674119970400019,2,0,email
294,16.97208534699342,-1.415955238064673,2,0,email
1550,18.299702177219935,3.51675578510929,2,0,email
1352,5.675937837339409,-5.448979793597028,2,0,email
2142,7.702066035056163,-4.013898157791462,2,0,email
1769,14.650235944127775,-0.4927528604373911,2,0,email
798,6.055698708881243,-4.054955979312428,2,0,email
379,3.357205584167085,-3.0358970147113298,2,0,email
2639,12.324213126968834,1.1987933680265808,2,0,email
4,15.63457979948549,5.862559384239557,2,0,email
2856,7.306317838556069,-1.1239742186852753,2,0,email
3106,5.099586763365118,-2.3969123710634865,2,0,email
345,9.690337718818443,8.656239813534778,2,1,email
592,5.475940908168063,-3.768040684783521,2,0,email
1453,3.4235235580704453,-2.908990655591943,2,0,email
229,8.149611983780364,-0.1887384674297382,2,0,email
1801,5.480713453705405,0.9958428562440026,2,0,email
2470,5.307150320915315,-3.7868164508034416,2,0,email
675,4.823822145114973,-3.8594007596636226,2,0,email
2334,10.431965796265658,-1.690306549867841,2,0,email
3032,7.433016624400771,-4.170850862695873,2,0,email
369,5.176432334610239,1.6700976719516223,2,1,email
2358,7.826014017518801,0.5770024474983064,2,0,email
1803,5.793595079341788,-4.737047891096526,2,0,email
1688,11.813710382599478,-0.11481911401859936,2,0,email
96,22.600461722183944,10.647144029048748,2,1,email
2195,13.793755200092084,0.21564440052249656,2,0,email
643,13.337663003510704,-1.483776068559911,2,0,email
2631,4.111908008274215,-4.563578117541589,2,0,email
1890,4.122264603257077,-1.4045375376500073,2,0,email
1175,7.214446547447566,7.501459214999905,2,1,email
2267,7.395355046532758,-0.01408707856633519,2,0,email
3153,9.1225055358469,-2.5820787826142575,2,0,email
992,9.752951855146339,0.0710612878326383,2,0,email
2132,6.591147195809173,-4.202768421722368,2,0,email
3079,25.501980514206615,13.56018410756367,2,1,email
2205,6.453713648843426,-3.321350336481288,2,0,email
1694,3.7600924584010196,-1.0255408681847065,2,0,email
384,3.955634610864235,-3.4778728759727846,2,0,email
2464,9.408735738245499,-2.4151424722852193,2,0,email
355,8.495989109287981,-3.7349235469584103,2,0,email
1224,18.435951542135772,3.9355112817450175,2,0,email
1337,6.6167924532512785,-4.010137515117002,2,0,email
3176,5.986636072207088,-1.7693311851262983,2,0,email
1321,15.51918837110438,5.585626440625591,2,0,email
1188,7.196053941540105,1.1335954292174635,2,1,email
428,11.763004768339291,4.811929631284494,2,1,email
337,9.771316156670911,-1.3802019327859985,2,0,email
2356,6.064196666484767,-3.6299948560789903,2,0,email
1666,6.96537178016823,-5.406474689264698,2,0,email
1745,12.208878880904226,-6.108395081085224,2,0,email
123,5.674975462080446,-3.710476533224134,2,0,email
2173,3.8375565611121707,-3.573472324122483,2,0,email
1158,4.731054698746273,-3.1076123273137273,2,0,email
1920,10.574890827321198,-0.6618895466307594,2,0,email
2952,9.326497705996813,-7.8387504535399515,2,0,email
1353,5.131823735898192,-1.9203162598168375,2,0,email
2623,5.52146493330232,4.303746857437671,2,1,email
2050,4.2978294226784115,-2.303071208558557,2,0,email
2776,6.782057049882029,-3.6576033053329047,2,0,email
2350,15.839824039917682,3.7982757325603203,2,1,email
1763,4.892470126219518,-3.0778608218684784,2,0,email
2141,10.669498071183588,-1.8787785554710468,2,0,email
1085,8.523576024113082,-0.5342883379184972,2,0,email
972,7.296301592221911,-0.9137430034603075,2,0,email
1121,4.555968301674346,-0.9822907074027599,2,0,email
2439,15.765950088709877,-0.05219999056911563,2,0,email
758,4.915482842675127,-2.5593071229647,2,0,email
2497,6.33275852168087,-2.8825329679391922,2,0,email
636,5.8508512820789225,-2.5818983488439593,2,0,email
3059,18.369905937375197,6.279231208074377,2,1,email
2279,8.015947443075019,-3.5757636522746297,2,0,email
1532,8.968438621891567,-4.26061506280123,2,0,email
3123,4.597431626599689,-4.943925446408643,2,0,email
892,14.397604612089493,-0.9604831068197074,2,0,email
3206,9.324607203646623,-2.031090953133968,2,0,email
119,8.266220518474071,2.2043629327925243,2,0,email
1331,15.112314076695592,-0.4194776839294799,2,0,email
509,3.919517637542504,-4.417119352877064,2,0,email
799,17.99572246538967,11.043077594079392,2,1,email
1883,24.592764709285714,22.54077411807275,2,1,email
2386,7.5594441433025406,-6.535063039891962,2,0,email
2912,21.455135408490907,3.9576257466307254,2,0,email
784,4.3994741959848245,-6.9173211365839435,2,0,email
